30-Apr-2025 15:23:40.610 INFO [main] org.apache.catalina.startup.VersionLoggerListener.log 서버 버전 이름:    Apache Tomcat/9.0.104
30-Apr-2025 15:23:40.613 INFO [main] org.apache.catalina.startup.VersionLoggerListener.log Server 빌드 시각:  Apr 4 2025 12:32:55 UTC
30-Apr-2025 15:23:40.613 INFO [main] org.apache.catalina.startup.VersionLoggerListener.log Server 버전 번호:  9.0.104.0
30-Apr-2025 15:23:40.614 INFO [main] org.apache.catalina.startup.VersionLoggerListener.log 운영체제 이름:     Mac OS X
30-Apr-2025 15:23:40.614 INFO [main] org.apache.catalina.startup.VersionLoggerListener.log 운영체제 버전:     13.4
30-Apr-2025 15:23:40.614 INFO [main] org.apache.catalina.startup.VersionLoggerListener.log 아키텍처:          aarch64
30-Apr-2025 15:23:40.614 INFO [main] org.apache.catalina.startup.VersionLoggerListener.log 자바 홈:           /Users/leeseonghyeon/Library/Java/JavaVirtualMachines/openjdk-18.0.2.1/Contents/Home
30-Apr-2025 15:23:40.614 INFO [main] org.apache.catalina.startup.VersionLoggerListener.log JVM 버전:          18.0.2.1+1-1
30-Apr-2025 15:23:40.614 INFO [main] org.apache.catalina.startup.VersionLoggerListener.log JVM 벤더:          Oracle Corporation
30-Apr-2025 15:23:40.614 INFO [main] org.apache.catalina.startup.VersionLoggerListener.log CATALINA_BASE:     /Users/leeseonghyeon/Documents/jwp-basic
30-Apr-2025 15:23:40.614 INFO [main] org.apache.catalina.startup.VersionLoggerListener.log CATALINA_HOME:     /Users/leeseonghyeon/Downloads/apache-tomcat-9.0.104
30-Apr-2025 15:23:40.619 INFO [main] org.apache.catalina.startup.VersionLoggerListener.log 명령 행 아규먼트:  --add-opens=java.base/java.lang=ALL-UNNAMED
30-Apr-2025 15:23:40.619 INFO [main] org.apache.catalina.startup.VersionLoggerListener.log 명령 행 아규먼트:  --add-opens=java.base/java.io=ALL-UNNAMED
30-Apr-2025 15:23:40.619 INFO [main] org.apache.catalina.startup.VersionLoggerListener.log 명령 행 아규먼트:  --add-opens=java.base/java.util=ALL-UNNAMED
30-Apr-2025 15:23:40.619 INFO [main] org.apache.catalina.startup.VersionLoggerListener.log 명령 행 아규먼트:  --add-opens=java.base/java.util.concurrent=ALL-UNNAMED
30-Apr-2025 15:23:40.620 INFO [main] org.apache.catalina.startup.VersionLoggerListener.log 명령 행 아규먼트:  --add-opens=java.rmi/sun.rmi.transport=ALL-UNNAMED
30-Apr-2025 15:23:40.620 INFO [main] org.apache.catalina.startup.VersionLoggerListener.log 명령 행 아규먼트:  -Dcatalina.home=/Users/leeseonghyeon/Downloads/apache-tomcat-9.0.104
30-Apr-2025 15:23:40.620 INFO [main] org.apache.catalina.startup.VersionLoggerListener.log 명령 행 아규먼트:  -Dcatalina.base=/Users/leeseonghyeon/Documents/jwp-basic
30-Apr-2025 15:23:40.620 INFO [main] org.apache.catalina.startup.VersionLoggerListener.log 명령 행 아규먼트:  -Djava.io.tmpdir=/Users/leeseonghyeon/Documents/jwp-basic/temp
30-Apr-2025 15:23:40.620 INFO [main] org.apache.catalina.startup.VersionLoggerListener.log 명령 행 아규먼트:  -Djava.util.logging.config.file=/Users/leeseonghyeon/Documents/jwp-basic/conf/logging.properties
30-Apr-2025 15:23:40.620 INFO [main] org.apache.catalina.startup.VersionLoggerListener.log 명령 행 아규먼트:  -Djava.util.logging.manager=org.apache.juli.ClassLoaderLogManager
30-Apr-2025 15:23:40.620 INFO [main] org.apache.catalina.startup.VersionLoggerListener.log 명령 행 아규먼트:  -javaagent:/Applications/IntelliJ IDEA CE.app/Contents/lib/idea_rt.jar=59271:/Applications/IntelliJ IDEA CE.app/Contents/bin
30-Apr-2025 15:23:40.620 INFO [main] org.apache.catalina.startup.VersionLoggerListener.log 명령 행 아규먼트:  -Dfile.encoding=UTF-8
30-Apr-2025 15:23:40.620 INFO [main] org.apache.catalina.startup.VersionLoggerListener.log 명령 행 아규먼트:  -Dsun.stdout.encoding=UTF-8
30-Apr-2025 15:23:40.620 INFO [main] org.apache.catalina.startup.VersionLoggerListener.log 명령 행 아규먼트:  -Dsun.stderr.encoding=UTF-8
30-Apr-2025 15:23:40.625 INFO [main] org.apache.catalina.core.AprLifecycleListener.lifecycleEvent 프로덕션 환경들에서 최적의 성능을 제공하는, APR 기반 Apache Tomcat Native 라이브러리가, 다음 java.library.path에서 발견되지 않습니다: [/Users/leeseonghyeon/Library/Java/Extensions:/Library/Java/Extensions:/Network/Library/Java/Extensions:/System/Library/Java/Extensions:/usr/lib/java:.]
30-Apr-2025 15:23:40.779 INFO [main] org.apache.coyote.AbstractProtocol.init 프로토콜 핸들러 ["http-nio-8080"]을(를) 초기화합니다.
30-Apr-2025 15:23:40.788 INFO [main] org.apache.catalina.startup.Catalina.load [331] 밀리초 내에 서버가 초기화되었습니다.
30-Apr-2025 15:23:40.808 INFO [main] org.apache.catalina.core.StandardService.startInternal 서비스 [Catalina]을(를) 시작합니다.
30-Apr-2025 15:23:40.809 INFO [main] org.apache.catalina.core.StandardEngine.startInternal 서버 엔진을 시작합니다: [Apache Tomcat/9.0.104]
30-Apr-2025 15:23:40.811 INFO [main] org.apache.catalina.startup.HostConfig.deployDescriptor 배치 descriptor [/Users/leeseonghyeon/Documents/jwp-basic/conf/Catalina/localhost/webapp.xml]을(를) 배치합니다.
30-Apr-2025 15:23:41.907 INFO [main] org.apache.jasper.servlet.TldScanner.scanJars 적어도 하나의 JAR가 TLD들을 찾기 위해 스캔되었으나 아무 것도 찾지 못했습니다. 스캔했으나 TLD가 없는 JAR들의 전체 목록을 보시려면, 로그 레벨을 디버그 레벨로 설정하십시오. 스캔 과정에서 불필요한 JAR들을 건너뛰면, 시스템 시작 시간과 JSP 컴파일 시간을 단축시킬 수 있습니다.
30-Apr-2025 15:23:41.928 INFO [main] org.apache.catalina.startup.HostConfig.deployDescriptor 배치 descriptor [/Users/leeseonghyeon/Documents/jwp-basic/conf/Catalina/localhost/webapp.xml]의 배치가 [1,116] 밀리초 내에 완료되었습니다.
30-Apr-2025 15:23:41.929 INFO [main] org.apache.coyote.AbstractProtocol.start 프로토콜 핸들러 ["http-nio-8080"]을(를) 시작합니다.
30-Apr-2025 15:23:41.935 INFO [main] org.apache.catalina.startup.Catalina.start 서버가 [1145] 밀리초 내에 시작되었습니다.
30-Apr-2025 15:47:48.434 INFO [Thread-1] org.apache.coyote.AbstractProtocol.pause 프로토콜 핸들러 ["http-nio-8080"]을(를) 일시 정지 중
30-Apr-2025 15:47:48.436 INFO [Thread-1] org.apache.catalina.core.StandardService.stopInternal 서비스 [Catalina]을(를) 중지시킵니다.
30-Apr-2025 15:47:48.447 INFO [Thread-1] org.apache.coyote.AbstractProtocol.stop 프로토콜 핸들러 ["http-nio-8080"]을(를) 중지시킵니다.
30-Apr-2025 15:47:48.464 INFO [Thread-1] org.apache.coyote.AbstractProtocol.destroy 프로토콜 핸들러 ["http-nio-8080"]을(를) 소멸시킵니다.
30-Apr-2025 15:47:53.810 INFO [main] org.apache.catalina.startup.VersionLoggerListener.log 서버 버전 이름:    Apache Tomcat/9.0.104
30-Apr-2025 15:47:53.812 INFO [main] org.apache.catalina.startup.VersionLoggerListener.log Server 빌드 시각:  Apr 4 2025 12:32:55 UTC
30-Apr-2025 15:47:53.812 INFO [main] org.apache.catalina.startup.VersionLoggerListener.log Server 버전 번호:  9.0.104.0
30-Apr-2025 15:47:53.812 INFO [main] org.apache.catalina.startup.VersionLoggerListener.log 운영체제 이름:     Mac OS X
30-Apr-2025 15:47:53.812 INFO [main] org.apache.catalina.startup.VersionLoggerListener.log 운영체제 버전:     13.4
30-Apr-2025 15:47:53.812 INFO [main] org.apache.catalina.startup.VersionLoggerListener.log 아키텍처:          aarch64
30-Apr-2025 15:47:53.812 INFO [main] org.apache.catalina.startup.VersionLoggerListener.log 자바 홈:           /Users/leeseonghyeon/Library/Java/JavaVirtualMachines/openjdk-18.0.2.1/Contents/Home
30-Apr-2025 15:47:53.812 INFO [main] org.apache.catalina.startup.VersionLoggerListener.log JVM 버전:          18.0.2.1+1-1
30-Apr-2025 15:47:53.812 INFO [main] org.apache.catalina.startup.VersionLoggerListener.log JVM 벤더:          Oracle Corporation
30-Apr-2025 15:47:53.812 INFO [main] org.apache.catalina.startup.VersionLoggerListener.log CATALINA_BASE:     /Users/leeseonghyeon/Documents/jwp-basic
30-Apr-2025 15:47:53.812 INFO [main] org.apache.catalina.startup.VersionLoggerListener.log CATALINA_HOME:     /Users/leeseonghyeon/Downloads/apache-tomcat-9.0.104
30-Apr-2025 15:47:53.818 INFO [main] org.apache.catalina.startup.VersionLoggerListener.log 명령 행 아규먼트:  --add-opens=java.base/java.lang=ALL-UNNAMED
30-Apr-2025 15:47:53.818 INFO [main] org.apache.catalina.startup.VersionLoggerListener.log 명령 행 아규먼트:  --add-opens=java.base/java.io=ALL-UNNAMED
30-Apr-2025 15:47:53.818 INFO [main] org.apache.catalina.startup.VersionLoggerListener.log 명령 행 아규먼트:  --add-opens=java.base/java.util=ALL-UNNAMED
30-Apr-2025 15:47:53.819 INFO [main] org.apache.catalina.startup.VersionLoggerListener.log 명령 행 아규먼트:  --add-opens=java.base/java.util.concurrent=ALL-UNNAMED
30-Apr-2025 15:47:53.819 INFO [main] org.apache.catalina.startup.VersionLoggerListener.log 명령 행 아규먼트:  --add-opens=java.rmi/sun.rmi.transport=ALL-UNNAMED
30-Apr-2025 15:47:53.819 INFO [main] org.apache.catalina.startup.VersionLoggerListener.log 명령 행 아규먼트:  -Dcatalina.home=/Users/leeseonghyeon/Downloads/apache-tomcat-9.0.104
30-Apr-2025 15:47:53.819 INFO [main] org.apache.catalina.startup.VersionLoggerListener.log 명령 행 아규먼트:  -Dcatalina.base=/Users/leeseonghyeon/Documents/jwp-basic
30-Apr-2025 15:47:53.819 INFO [main] org.apache.catalina.startup.VersionLoggerListener.log 명령 행 아규먼트:  -Djava.io.tmpdir=/Users/leeseonghyeon/Documents/jwp-basic/temp
30-Apr-2025 15:47:53.819 INFO [main] org.apache.catalina.startup.VersionLoggerListener.log 명령 행 아규먼트:  -Djava.util.logging.config.file=/Users/leeseonghyeon/Documents/jwp-basic/conf/logging.properties
30-Apr-2025 15:47:53.819 INFO [main] org.apache.catalina.startup.VersionLoggerListener.log 명령 행 아규먼트:  -Djava.util.logging.manager=org.apache.juli.ClassLoaderLogManager
30-Apr-2025 15:47:53.819 INFO [main] org.apache.catalina.startup.VersionLoggerListener.log 명령 행 아규먼트:  -javaagent:/Applications/IntelliJ IDEA CE.app/Contents/lib/idea_rt.jar=59342:/Applications/IntelliJ IDEA CE.app/Contents/bin
30-Apr-2025 15:47:53.819 INFO [main] org.apache.catalina.startup.VersionLoggerListener.log 명령 행 아규먼트:  -Dfile.encoding=UTF-8
30-Apr-2025 15:47:53.819 INFO [main] org.apache.catalina.startup.VersionLoggerListener.log 명령 행 아규먼트:  -Dsun.stdout.encoding=UTF-8
30-Apr-2025 15:47:53.819 INFO [main] org.apache.catalina.startup.VersionLoggerListener.log 명령 행 아규먼트:  -Dsun.stderr.encoding=UTF-8
30-Apr-2025 15:47:53.825 INFO [main] org.apache.catalina.core.AprLifecycleListener.lifecycleEvent 프로덕션 환경들에서 최적의 성능을 제공하는, APR 기반 Apache Tomcat Native 라이브러리가, 다음 java.library.path에서 발견되지 않습니다: [/Users/leeseonghyeon/Library/Java/Extensions:/Library/Java/Extensions:/Network/Library/Java/Extensions:/System/Library/Java/Extensions:/usr/lib/java:.]
30-Apr-2025 15:47:53.989 INFO [main] org.apache.coyote.AbstractProtocol.init 프로토콜 핸들러 ["http-nio-8080"]을(를) 초기화합니다.
30-Apr-2025 15:47:53.999 INFO [main] org.apache.catalina.startup.Catalina.load [303] 밀리초 내에 서버가 초기화되었습니다.
30-Apr-2025 15:47:54.018 INFO [main] org.apache.catalina.core.StandardService.startInternal 서비스 [Catalina]을(를) 시작합니다.
30-Apr-2025 15:47:54.018 INFO [main] org.apache.catalina.core.StandardEngine.startInternal 서버 엔진을 시작합니다: [Apache Tomcat/9.0.104]
30-Apr-2025 15:47:54.021 INFO [main] org.apache.catalina.startup.HostConfig.deployDescriptor 배치 descriptor [/Users/leeseonghyeon/Documents/jwp-basic/conf/Catalina/localhost/ROOT.xml]을(를) 배치합니다.
30-Apr-2025 15:47:54.816 INFO [main] org.apache.jasper.servlet.TldScanner.scanJars 적어도 하나의 JAR가 TLD들을 찾기 위해 스캔되었으나 아무 것도 찾지 못했습니다. 스캔했으나 TLD가 없는 JAR들의 전체 목록을 보시려면, 로그 레벨을 디버그 레벨로 설정하십시오. 스캔 과정에서 불필요한 JAR들을 건너뛰면, 시스템 시작 시간과 JSP 컴파일 시간을 단축시킬 수 있습니다.
30-Apr-2025 15:47:54.845 INFO [main] org.apache.catalina.startup.HostConfig.deployDescriptor 배치 descriptor [/Users/leeseonghyeon/Documents/jwp-basic/conf/Catalina/localhost/ROOT.xml]의 배치가 [823] 밀리초 내에 완료되었습니다.
30-Apr-2025 15:47:54.848 INFO [main] org.apache.coyote.AbstractProtocol.start 프로토콜 핸들러 ["http-nio-8080"]을(를) 시작합니다.
30-Apr-2025 15:47:54.855 INFO [main] org.apache.catalina.startup.Catalina.start 서버가 [855] 밀리초 내에 시작되었습니다.
30-Apr-2025 15:49:16.002 INFO [Thread-1] org.apache.coyote.AbstractProtocol.pause 프로토콜 핸들러 ["http-nio-8080"]을(를) 일시 정지 중
30-Apr-2025 15:49:16.004 INFO [Thread-1] org.apache.catalina.core.StandardService.stopInternal 서비스 [Catalina]을(를) 중지시킵니다.
30-Apr-2025 15:49:16.012 INFO [Thread-1] org.apache.coyote.AbstractProtocol.stop 프로토콜 핸들러 ["http-nio-8080"]을(를) 중지시킵니다.
30-Apr-2025 15:49:16.015 INFO [Thread-1] org.apache.coyote.AbstractProtocol.destroy 프로토콜 핸들러 ["http-nio-8080"]을(를) 소멸시킵니다.
30-Apr-2025 15:49:29.392 INFO [main] org.apache.catalina.startup.VersionLoggerListener.log 서버 버전 이름:    Apache Tomcat/9.0.104
30-Apr-2025 15:49:29.397 INFO [main] org.apache.catalina.startup.VersionLoggerListener.log Server 빌드 시각:  Apr 4 2025 12:32:55 UTC
30-Apr-2025 15:49:29.397 INFO [main] org.apache.catalina.startup.VersionLoggerListener.log Server 버전 번호:  9.0.104.0
30-Apr-2025 15:49:29.397 INFO [main] org.apache.catalina.startup.VersionLoggerListener.log 운영체제 이름:     Mac OS X
30-Apr-2025 15:49:29.397 INFO [main] org.apache.catalina.startup.VersionLoggerListener.log 운영체제 버전:     13.4
30-Apr-2025 15:49:29.397 INFO [main] org.apache.catalina.startup.VersionLoggerListener.log 아키텍처:          aarch64
30-Apr-2025 15:49:29.397 INFO [main] org.apache.catalina.startup.VersionLoggerListener.log 자바 홈:           /Users/leeseonghyeon/Library/Java/JavaVirtualMachines/openjdk-18.0.2.1/Contents/Home
30-Apr-2025 15:49:29.397 INFO [main] org.apache.catalina.startup.VersionLoggerListener.log JVM 버전:          18.0.2.1+1-1
30-Apr-2025 15:49:29.397 INFO [main] org.apache.catalina.startup.VersionLoggerListener.log JVM 벤더:          Oracle Corporation
30-Apr-2025 15:49:29.397 INFO [main] org.apache.catalina.startup.VersionLoggerListener.log CATALINA_BASE:     /Users/leeseonghyeon/Documents/jwp-basic
30-Apr-2025 15:49:29.397 INFO [main] org.apache.catalina.startup.VersionLoggerListener.log CATALINA_HOME:     /Users/leeseonghyeon/Downloads/apache-tomcat-9.0.104
30-Apr-2025 15:49:29.406 INFO [main] org.apache.catalina.startup.VersionLoggerListener.log 명령 행 아규먼트:  --add-opens=java.base/java.lang=ALL-UNNAMED
30-Apr-2025 15:49:29.406 INFO [main] org.apache.catalina.startup.VersionLoggerListener.log 명령 행 아규먼트:  --add-opens=java.base/java.io=ALL-UNNAMED
30-Apr-2025 15:49:29.407 INFO [main] org.apache.catalina.startup.VersionLoggerListener.log 명령 행 아규먼트:  --add-opens=java.base/java.util=ALL-UNNAMED
30-Apr-2025 15:49:29.407 INFO [main] org.apache.catalina.startup.VersionLoggerListener.log 명령 행 아규먼트:  --add-opens=java.base/java.util.concurrent=ALL-UNNAMED
30-Apr-2025 15:49:29.407 INFO [main] org.apache.catalina.startup.VersionLoggerListener.log 명령 행 아규먼트:  --add-opens=java.rmi/sun.rmi.transport=ALL-UNNAMED
30-Apr-2025 15:49:29.407 INFO [main] org.apache.catalina.startup.VersionLoggerListener.log 명령 행 아규먼트:  -Dcatalina.home=/Users/leeseonghyeon/Downloads/apache-tomcat-9.0.104
30-Apr-2025 15:49:29.407 INFO [main] org.apache.catalina.startup.VersionLoggerListener.log 명령 행 아규먼트:  -Dcatalina.base=/Users/leeseonghyeon/Documents/jwp-basic
30-Apr-2025 15:49:29.407 INFO [main] org.apache.catalina.startup.VersionLoggerListener.log 명령 행 아규먼트:  -Djava.io.tmpdir=/Users/leeseonghyeon/Documents/jwp-basic/temp
30-Apr-2025 15:49:29.407 INFO [main] org.apache.catalina.startup.VersionLoggerListener.log 명령 행 아규먼트:  -Djava.util.logging.config.file=/Users/leeseonghyeon/Documents/jwp-basic/conf/logging.properties
30-Apr-2025 15:49:29.407 INFO [main] org.apache.catalina.startup.VersionLoggerListener.log 명령 행 아규먼트:  -Djava.util.logging.manager=org.apache.juli.ClassLoaderLogManager
30-Apr-2025 15:49:29.407 INFO [main] org.apache.catalina.startup.VersionLoggerListener.log 명령 행 아규먼트:  -javaagent:/Applications/IntelliJ IDEA CE.app/Contents/lib/idea_rt.jar=59359:/Applications/IntelliJ IDEA CE.app/Contents/bin
30-Apr-2025 15:49:29.407 INFO [main] org.apache.catalina.startup.VersionLoggerListener.log 명령 행 아규먼트:  -Dfile.encoding=UTF-8
30-Apr-2025 15:49:29.407 INFO [main] org.apache.catalina.startup.VersionLoggerListener.log 명령 행 아규먼트:  -Dsun.stdout.encoding=UTF-8
30-Apr-2025 15:49:29.407 INFO [main] org.apache.catalina.startup.VersionLoggerListener.log 명령 행 아규먼트:  -Dsun.stderr.encoding=UTF-8
30-Apr-2025 15:49:29.415 INFO [main] org.apache.catalina.core.AprLifecycleListener.lifecycleEvent 프로덕션 환경들에서 최적의 성능을 제공하는, APR 기반 Apache Tomcat Native 라이브러리가, 다음 java.library.path에서 발견되지 않습니다: [/Users/leeseonghyeon/Library/Java/Extensions:/Library/Java/Extensions:/Network/Library/Java/Extensions:/System/Library/Java/Extensions:/usr/lib/java:.]
30-Apr-2025 15:49:29.688 INFO [main] org.apache.coyote.AbstractProtocol.init 프로토콜 핸들러 ["http-nio-8080"]을(를) 초기화합니다.
30-Apr-2025 15:49:29.719 INFO [main] org.apache.catalina.startup.Catalina.load [437] 밀리초 내에 서버가 초기화되었습니다.
30-Apr-2025 15:49:29.770 INFO [main] org.apache.catalina.core.StandardService.startInternal 서비스 [Catalina]을(를) 시작합니다.
30-Apr-2025 15:49:29.770 INFO [main] org.apache.catalina.core.StandardEngine.startInternal 서버 엔진을 시작합니다: [Apache Tomcat/9.0.104]
30-Apr-2025 15:49:29.783 INFO [main] org.apache.catalina.startup.HostConfig.deployDescriptor 배치 descriptor [/Users/leeseonghyeon/Documents/jwp-basic/conf/Catalina/localhost/webapp.xml]을(를) 배치합니다.
30-Apr-2025 15:49:30.729 INFO [main] org.apache.jasper.servlet.TldScanner.scanJars 적어도 하나의 JAR가 TLD들을 찾기 위해 스캔되었으나 아무 것도 찾지 못했습니다. 스캔했으나 TLD가 없는 JAR들의 전체 목록을 보시려면, 로그 레벨을 디버그 레벨로 설정하십시오. 스캔 과정에서 불필요한 JAR들을 건너뛰면, 시스템 시작 시간과 JSP 컴파일 시간을 단축시킬 수 있습니다.
30-Apr-2025 15:49:31.268 INFO [main] org.springframework.jdbc.datasource.init.ScriptUtils.executeSqlScript Executing SQL script from class path resource [jwp.sql]
30-Apr-2025 15:49:31.272 INFO [main] org.springframework.jdbc.datasource.init.ScriptUtils.executeSqlScript Executed SQL script from class path resource [jwp.sql] in 4 ms.
30-Apr-2025 15:49:31.291 INFO [main] org.apache.catalina.startup.HostConfig.deployDescriptor 배치 descriptor [/Users/leeseonghyeon/Documents/jwp-basic/conf/Catalina/localhost/webapp.xml]의 배치가 [1,507] 밀리초 내에 완료되었습니다.
30-Apr-2025 15:49:31.293 INFO [main] org.apache.coyote.AbstractProtocol.start 프로토콜 핸들러 ["http-nio-8080"]을(를) 시작합니다.
30-Apr-2025 15:49:31.299 INFO [main] org.apache.catalina.startup.Catalina.start 서버가 [1578] 밀리초 내에 시작되었습니다.
30-Apr-2025 15:50:08.988 INFO [Thread-5] org.apache.coyote.AbstractProtocol.pause 프로토콜 핸들러 ["http-nio-8080"]을(를) 일시 정지 중
30-Apr-2025 15:50:08.990 INFO [Thread-5] org.apache.catalina.core.StandardService.stopInternal 서비스 [Catalina]을(를) 중지시킵니다.
30-Apr-2025 15:50:08.994 WARNING [Thread-5] org.apache.catalina.loader.WebappClassLoaderBase.clearReferencesJdbc 웹 애플리케이션 [webapp]이(가) JDBC 드라이버 [org.h2.Driver]을(를) 등록했지만, 웹 애플리케이션이 중지될 때, 해당 JDBC 드라이버의 등록을 제거하지 못했습니다. 메모리 누수를 방지하기 위하여, 등록을 강제로 제거했습니다.
30-Apr-2025 15:50:08.997 INFO [Thread-5] org.apache.coyote.AbstractProtocol.stop 프로토콜 핸들러 ["http-nio-8080"]을(를) 중지시킵니다.
30-Apr-2025 15:50:09.000 INFO [Thread-5] org.apache.coyote.AbstractProtocol.destroy 프로토콜 핸들러 ["http-nio-8080"]을(를) 소멸시킵니다.
30-Apr-2025 15:50:13.054 INFO [main] org.apache.catalina.startup.VersionLoggerListener.log 서버 버전 이름:    Apache Tomcat/9.0.104
30-Apr-2025 15:50:13.059 INFO [main] org.apache.catalina.startup.VersionLoggerListener.log Server 빌드 시각:  Apr 4 2025 12:32:55 UTC
30-Apr-2025 15:50:13.060 INFO [main] org.apache.catalina.startup.VersionLoggerListener.log Server 버전 번호:  9.0.104.0
30-Apr-2025 15:50:13.060 INFO [main] org.apache.catalina.startup.VersionLoggerListener.log 운영체제 이름:     Mac OS X
30-Apr-2025 15:50:13.060 INFO [main] org.apache.catalina.startup.VersionLoggerListener.log 운영체제 버전:     13.4
30-Apr-2025 15:50:13.060 INFO [main] org.apache.catalina.startup.VersionLoggerListener.log 아키텍처:          aarch64
30-Apr-2025 15:50:13.060 INFO [main] org.apache.catalina.startup.VersionLoggerListener.log 자바 홈:           /Users/leeseonghyeon/Library/Java/JavaVirtualMachines/openjdk-18.0.2.1/Contents/Home
30-Apr-2025 15:50:13.060 INFO [main] org.apache.catalina.startup.VersionLoggerListener.log JVM 버전:          18.0.2.1+1-1
30-Apr-2025 15:50:13.060 INFO [main] org.apache.catalina.startup.VersionLoggerListener.log JVM 벤더:          Oracle Corporation
30-Apr-2025 15:50:13.061 INFO [main] org.apache.catalina.startup.VersionLoggerListener.log CATALINA_BASE:     /Users/leeseonghyeon/Documents/jwp-basic
30-Apr-2025 15:50:13.061 INFO [main] org.apache.catalina.startup.VersionLoggerListener.log CATALINA_HOME:     /Users/leeseonghyeon/Downloads/apache-tomcat-9.0.104
30-Apr-2025 15:50:13.065 INFO [main] org.apache.catalina.startup.VersionLoggerListener.log 명령 행 아규먼트:  --add-opens=java.base/java.lang=ALL-UNNAMED
30-Apr-2025 15:50:13.065 INFO [main] org.apache.catalina.startup.VersionLoggerListener.log 명령 행 아규먼트:  --add-opens=java.base/java.io=ALL-UNNAMED
30-Apr-2025 15:50:13.065 INFO [main] org.apache.catalina.startup.VersionLoggerListener.log 명령 행 아규먼트:  --add-opens=java.base/java.util=ALL-UNNAMED
30-Apr-2025 15:50:13.066 INFO [main] org.apache.catalina.startup.VersionLoggerListener.log 명령 행 아규먼트:  --add-opens=java.base/java.util.concurrent=ALL-UNNAMED
30-Apr-2025 15:50:13.066 INFO [main] org.apache.catalina.startup.VersionLoggerListener.log 명령 행 아규먼트:  --add-opens=java.rmi/sun.rmi.transport=ALL-UNNAMED
30-Apr-2025 15:50:13.066 INFO [main] org.apache.catalina.startup.VersionLoggerListener.log 명령 행 아규먼트:  -Dcatalina.home=/Users/leeseonghyeon/Downloads/apache-tomcat-9.0.104
30-Apr-2025 15:50:13.066 INFO [main] org.apache.catalina.startup.VersionLoggerListener.log 명령 행 아규먼트:  -Dcatalina.base=/Users/leeseonghyeon/Documents/jwp-basic
30-Apr-2025 15:50:13.066 INFO [main] org.apache.catalina.startup.VersionLoggerListener.log 명령 행 아규먼트:  -Djava.io.tmpdir=/Users/leeseonghyeon/Documents/jwp-basic/temp
30-Apr-2025 15:50:13.066 INFO [main] org.apache.catalina.startup.VersionLoggerListener.log 명령 행 아규먼트:  -Djava.util.logging.config.file=/Users/leeseonghyeon/Documents/jwp-basic/conf/logging.properties
30-Apr-2025 15:50:13.066 INFO [main] org.apache.catalina.startup.VersionLoggerListener.log 명령 행 아규먼트:  -Djava.util.logging.manager=org.apache.juli.ClassLoaderLogManager
30-Apr-2025 15:50:13.066 INFO [main] org.apache.catalina.startup.VersionLoggerListener.log 명령 행 아규먼트:  -javaagent:/Applications/IntelliJ IDEA CE.app/Contents/lib/idea_rt.jar=59379:/Applications/IntelliJ IDEA CE.app/Contents/bin
30-Apr-2025 15:50:13.067 INFO [main] org.apache.catalina.startup.VersionLoggerListener.log 명령 행 아규먼트:  -Dfile.encoding=UTF-8
30-Apr-2025 15:50:13.067 INFO [main] org.apache.catalina.startup.VersionLoggerListener.log 명령 행 아규먼트:  -Dsun.stdout.encoding=UTF-8
30-Apr-2025 15:50:13.067 INFO [main] org.apache.catalina.startup.VersionLoggerListener.log 명령 행 아규먼트:  -Dsun.stderr.encoding=UTF-8
30-Apr-2025 15:50:13.076 INFO [main] org.apache.catalina.core.AprLifecycleListener.lifecycleEvent 프로덕션 환경들에서 최적의 성능을 제공하는, APR 기반 Apache Tomcat Native 라이브러리가, 다음 java.library.path에서 발견되지 않습니다: [/Users/leeseonghyeon/Library/Java/Extensions:/Library/Java/Extensions:/Network/Library/Java/Extensions:/System/Library/Java/Extensions:/usr/lib/java:.]
30-Apr-2025 15:50:13.285 INFO [main] org.apache.coyote.AbstractProtocol.init 프로토콜 핸들러 ["http-nio-8080"]을(를) 초기화합니다.
30-Apr-2025 15:50:13.299 INFO [main] org.apache.catalina.startup.Catalina.load [491] 밀리초 내에 서버가 초기화되었습니다.
30-Apr-2025 15:50:13.326 INFO [main] org.apache.catalina.core.StandardService.startInternal 서비스 [Catalina]을(를) 시작합니다.
30-Apr-2025 15:50:13.326 INFO [main] org.apache.catalina.core.StandardEngine.startInternal 서버 엔진을 시작합니다: [Apache Tomcat/9.0.104]
30-Apr-2025 15:50:13.332 INFO [main] org.apache.catalina.startup.HostConfig.deployDescriptor 배치 descriptor [/Users/leeseonghyeon/Documents/jwp-basic/conf/Catalina/localhost/ROOT.xml]을(를) 배치합니다.
30-Apr-2025 15:50:14.135 INFO [main] org.apache.jasper.servlet.TldScanner.scanJars 적어도 하나의 JAR가 TLD들을 찾기 위해 스캔되었으나 아무 것도 찾지 못했습니다. 스캔했으나 TLD가 없는 JAR들의 전체 목록을 보시려면, 로그 레벨을 디버그 레벨로 설정하십시오. 스캔 과정에서 불필요한 JAR들을 건너뛰면, 시스템 시작 시간과 JSP 컴파일 시간을 단축시킬 수 있습니다.
30-Apr-2025 15:50:14.560 INFO [main] org.springframework.jdbc.datasource.init.ScriptUtils.executeSqlScript Executing SQL script from class path resource [jwp.sql]
30-Apr-2025 15:50:14.565 INFO [main] org.springframework.jdbc.datasource.init.ScriptUtils.executeSqlScript Executed SQL script from class path resource [jwp.sql] in 5 ms.
30-Apr-2025 15:50:14.580 INFO [main] org.apache.catalina.startup.HostConfig.deployDescriptor 배치 descriptor [/Users/leeseonghyeon/Documents/jwp-basic/conf/Catalina/localhost/ROOT.xml]의 배치가 [1,248] 밀리초 내에 완료되었습니다.
30-Apr-2025 15:50:14.582 INFO [main] org.apache.coyote.AbstractProtocol.start 프로토콜 핸들러 ["http-nio-8080"]을(를) 시작합니다.
30-Apr-2025 15:50:14.586 INFO [main] org.apache.catalina.startup.Catalina.start 서버가 [1286] 밀리초 내에 시작되었습니다.
30-Apr-2025 16:03:17.126 INFO [Thread-5] org.apache.coyote.AbstractProtocol.pause 프로토콜 핸들러 ["http-nio-8080"]을(를) 일시 정지 중
30-Apr-2025 16:03:17.128 INFO [Thread-5] org.apache.catalina.core.StandardService.stopInternal 서비스 [Catalina]을(를) 중지시킵니다.
30-Apr-2025 16:03:17.141 WARNING [Thread-5] org.apache.catalina.loader.WebappClassLoaderBase.clearReferencesJdbc 웹 애플리케이션 [ROOT]이(가) JDBC 드라이버 [org.h2.Driver]을(를) 등록했지만, 웹 애플리케이션이 중지될 때, 해당 JDBC 드라이버의 등록을 제거하지 못했습니다. 메모리 누수를 방지하기 위하여, 등록을 강제로 제거했습니다.
30-Apr-2025 16:03:17.144 INFO [Thread-5] org.apache.coyote.AbstractProtocol.stop 프로토콜 핸들러 ["http-nio-8080"]을(를) 중지시킵니다.
30-Apr-2025 16:03:17.151 INFO [Thread-5] org.apache.coyote.AbstractProtocol.destroy 프로토콜 핸들러 ["http-nio-8080"]을(를) 소멸시킵니다.
30-Apr-2025 16:04:16.987 INFO [main] org.apache.catalina.startup.VersionLoggerListener.log 서버 버전 이름:    Apache Tomcat/9.0.104
30-Apr-2025 16:04:16.989 INFO [main] org.apache.catalina.startup.VersionLoggerListener.log Server 빌드 시각:  Apr 4 2025 12:32:55 UTC
30-Apr-2025 16:04:16.989 INFO [main] org.apache.catalina.startup.VersionLoggerListener.log Server 버전 번호:  9.0.104.0
30-Apr-2025 16:04:16.989 INFO [main] org.apache.catalina.startup.VersionLoggerListener.log 운영체제 이름:     Mac OS X
30-Apr-2025 16:04:16.990 INFO [main] org.apache.catalina.startup.VersionLoggerListener.log 운영체제 버전:     13.4
30-Apr-2025 16:04:16.990 INFO [main] org.apache.catalina.startup.VersionLoggerListener.log 아키텍처:          aarch64
30-Apr-2025 16:04:16.990 INFO [main] org.apache.catalina.startup.VersionLoggerListener.log 자바 홈:           /Users/leeseonghyeon/Library/Java/JavaVirtualMachines/openjdk-18.0.2.1/Contents/Home
30-Apr-2025 16:04:16.990 INFO [main] org.apache.catalina.startup.VersionLoggerListener.log JVM 버전:          18.0.2.1+1-1
30-Apr-2025 16:04:16.990 INFO [main] org.apache.catalina.startup.VersionLoggerListener.log JVM 벤더:          Oracle Corporation
30-Apr-2025 16:04:16.990 INFO [main] org.apache.catalina.startup.VersionLoggerListener.log CATALINA_BASE:     /Users/leeseonghyeon/Documents/jwp-basic
30-Apr-2025 16:04:16.990 INFO [main] org.apache.catalina.startup.VersionLoggerListener.log CATALINA_HOME:     /Users/leeseonghyeon/Downloads/apache-tomcat-9.0.104
30-Apr-2025 16:04:16.994 INFO [main] org.apache.catalina.startup.VersionLoggerListener.log 명령 행 아규먼트:  --add-opens=java.base/java.lang=ALL-UNNAMED
30-Apr-2025 16:04:16.994 INFO [main] org.apache.catalina.startup.VersionLoggerListener.log 명령 행 아규먼트:  --add-opens=java.base/java.io=ALL-UNNAMED
30-Apr-2025 16:04:16.994 INFO [main] org.apache.catalina.startup.VersionLoggerListener.log 명령 행 아규먼트:  --add-opens=java.base/java.util=ALL-UNNAMED
30-Apr-2025 16:04:16.994 INFO [main] org.apache.catalina.startup.VersionLoggerListener.log 명령 행 아규먼트:  --add-opens=java.base/java.util.concurrent=ALL-UNNAMED
30-Apr-2025 16:04:16.994 INFO [main] org.apache.catalina.startup.VersionLoggerListener.log 명령 행 아규먼트:  --add-opens=java.rmi/sun.rmi.transport=ALL-UNNAMED
30-Apr-2025 16:04:16.994 INFO [main] org.apache.catalina.startup.VersionLoggerListener.log 명령 행 아규먼트:  -Dcatalina.home=/Users/leeseonghyeon/Downloads/apache-tomcat-9.0.104
30-Apr-2025 16:04:16.994 INFO [main] org.apache.catalina.startup.VersionLoggerListener.log 명령 행 아규먼트:  -Dcatalina.base=/Users/leeseonghyeon/Documents/jwp-basic
30-Apr-2025 16:04:16.994 INFO [main] org.apache.catalina.startup.VersionLoggerListener.log 명령 행 아규먼트:  -Djava.io.tmpdir=/Users/leeseonghyeon/Documents/jwp-basic/temp
30-Apr-2025 16:04:16.994 INFO [main] org.apache.catalina.startup.VersionLoggerListener.log 명령 행 아규먼트:  -Djava.util.logging.config.file=/Users/leeseonghyeon/Documents/jwp-basic/conf/logging.properties
30-Apr-2025 16:04:16.995 INFO [main] org.apache.catalina.startup.VersionLoggerListener.log 명령 행 아규먼트:  -Djava.util.logging.manager=org.apache.juli.ClassLoaderLogManager
30-Apr-2025 16:04:16.995 INFO [main] org.apache.catalina.startup.VersionLoggerListener.log 명령 행 아규먼트:  -javaagent:/Applications/IntelliJ IDEA CE.app/Contents/lib/idea_rt.jar=59441:/Applications/IntelliJ IDEA CE.app/Contents/bin
30-Apr-2025 16:04:16.995 INFO [main] org.apache.catalina.startup.VersionLoggerListener.log 명령 행 아규먼트:  -Dfile.encoding=UTF-8
30-Apr-2025 16:04:16.995 INFO [main] org.apache.catalina.startup.VersionLoggerListener.log 명령 행 아규먼트:  -Dsun.stdout.encoding=UTF-8
30-Apr-2025 16:04:16.995 INFO [main] org.apache.catalina.startup.VersionLoggerListener.log 명령 행 아규먼트:  -Dsun.stderr.encoding=UTF-8
30-Apr-2025 16:04:17.000 INFO [main] org.apache.catalina.core.AprLifecycleListener.lifecycleEvent 프로덕션 환경들에서 최적의 성능을 제공하는, APR 기반 Apache Tomcat Native 라이브러리가, 다음 java.library.path에서 발견되지 않습니다: [/Users/leeseonghyeon/Library/Java/Extensions:/Library/Java/Extensions:/Network/Library/Java/Extensions:/System/Library/Java/Extensions:/usr/lib/java:.]
30-Apr-2025 16:04:17.155 INFO [main] org.apache.coyote.AbstractProtocol.init 프로토콜 핸들러 ["http-nio-8080"]을(를) 초기화합니다.
30-Apr-2025 16:04:17.164 INFO [main] org.apache.catalina.startup.Catalina.load [290] 밀리초 내에 서버가 초기화되었습니다.
30-Apr-2025 16:04:17.181 INFO [main] org.apache.catalina.core.StandardService.startInternal 서비스 [Catalina]을(를) 시작합니다.
30-Apr-2025 16:04:17.181 INFO [main] org.apache.catalina.core.StandardEngine.startInternal 서버 엔진을 시작합니다: [Apache Tomcat/9.0.104]
30-Apr-2025 16:04:17.184 INFO [main] org.apache.catalina.startup.HostConfig.deployDescriptor 배치 descriptor [/Users/leeseonghyeon/Documents/jwp-basic/conf/Catalina/localhost/ROOT.xml]을(를) 배치합니다.
30-Apr-2025 16:04:17.881 INFO [main] org.apache.jasper.servlet.TldScanner.scanJars 적어도 하나의 JAR가 TLD들을 찾기 위해 스캔되었으나 아무 것도 찾지 못했습니다. 스캔했으나 TLD가 없는 JAR들의 전체 목록을 보시려면, 로그 레벨을 디버그 레벨로 설정하십시오. 스캔 과정에서 불필요한 JAR들을 건너뛰면, 시스템 시작 시간과 JSP 컴파일 시간을 단축시킬 수 있습니다.
30-Apr-2025 16:04:18.393 INFO [main] org.springframework.jdbc.datasource.init.ScriptUtils.executeSqlScript Executing SQL script from class path resource [jwp.sql]
30-Apr-2025 16:04:18.399 INFO [main] org.springframework.jdbc.datasource.init.ScriptUtils.executeSqlScript Executed SQL script from class path resource [jwp.sql] in 6 ms.
30-Apr-2025 16:04:18.429 INFO [main] org.apache.catalina.startup.HostConfig.deployDescriptor 배치 descriptor [/Users/leeseonghyeon/Documents/jwp-basic/conf/Catalina/localhost/ROOT.xml]의 배치가 [1,245] 밀리초 내에 완료되었습니다.
30-Apr-2025 16:04:18.432 INFO [main] org.apache.coyote.AbstractProtocol.start 프로토콜 핸들러 ["http-nio-8080"]을(를) 시작합니다.
30-Apr-2025 16:04:18.439 INFO [main] org.apache.catalina.startup.Catalina.start 서버가 [1274] 밀리초 내에 시작되었습니다.
30-Apr-2025 16:06:38.233 INFO [Thread-5] org.apache.coyote.AbstractProtocol.pause 프로토콜 핸들러 ["http-nio-8080"]을(를) 일시 정지 중
30-Apr-2025 16:06:38.235 INFO [Thread-5] org.apache.catalina.core.StandardService.stopInternal 서비스 [Catalina]을(를) 중지시킵니다.
30-Apr-2025 16:06:38.239 WARNING [Thread-5] org.apache.catalina.loader.WebappClassLoaderBase.clearReferencesJdbc 웹 애플리케이션 [ROOT]이(가) JDBC 드라이버 [org.h2.Driver]을(를) 등록했지만, 웹 애플리케이션이 중지될 때, 해당 JDBC 드라이버의 등록을 제거하지 못했습니다. 메모리 누수를 방지하기 위하여, 등록을 강제로 제거했습니다.
30-Apr-2025 16:06:38.242 INFO [Thread-5] org.apache.coyote.AbstractProtocol.stop 프로토콜 핸들러 ["http-nio-8080"]을(를) 중지시킵니다.
30-Apr-2025 16:06:38.245 INFO [Thread-5] org.apache.coyote.AbstractProtocol.destroy 프로토콜 핸들러 ["http-nio-8080"]을(를) 소멸시킵니다.
30-Apr-2025 16:06:43.924 INFO [main] org.apache.catalina.startup.VersionLoggerListener.log 서버 버전 이름:    Apache Tomcat/9.0.104
30-Apr-2025 16:06:43.927 INFO [main] org.apache.catalina.startup.VersionLoggerListener.log Server 빌드 시각:  Apr 4 2025 12:32:55 UTC
30-Apr-2025 16:06:43.927 INFO [main] org.apache.catalina.startup.VersionLoggerListener.log Server 버전 번호:  9.0.104.0
30-Apr-2025 16:06:43.927 INFO [main] org.apache.catalina.startup.VersionLoggerListener.log 운영체제 이름:     Mac OS X
30-Apr-2025 16:06:43.927 INFO [main] org.apache.catalina.startup.VersionLoggerListener.log 운영체제 버전:     13.4
30-Apr-2025 16:06:43.927 INFO [main] org.apache.catalina.startup.VersionLoggerListener.log 아키텍처:          aarch64
30-Apr-2025 16:06:43.927 INFO [main] org.apache.catalina.startup.VersionLoggerListener.log 자바 홈:           /Users/leeseonghyeon/Library/Java/JavaVirtualMachines/openjdk-18.0.2.1/Contents/Home
30-Apr-2025 16:06:43.927 INFO [main] org.apache.catalina.startup.VersionLoggerListener.log JVM 버전:          18.0.2.1+1-1
30-Apr-2025 16:06:43.927 INFO [main] org.apache.catalina.startup.VersionLoggerListener.log JVM 벤더:          Oracle Corporation
30-Apr-2025 16:06:43.928 INFO [main] org.apache.catalina.startup.VersionLoggerListener.log CATALINA_BASE:     /Users/leeseonghyeon/Documents/jwp-basic
30-Apr-2025 16:06:43.928 INFO [main] org.apache.catalina.startup.VersionLoggerListener.log CATALINA_HOME:     /Users/leeseonghyeon/Downloads/apache-tomcat-9.0.104
30-Apr-2025 16:06:43.936 INFO [main] org.apache.catalina.startup.VersionLoggerListener.log 명령 행 아규먼트:  --add-opens=java.base/java.lang=ALL-UNNAMED
30-Apr-2025 16:06:43.936 INFO [main] org.apache.catalina.startup.VersionLoggerListener.log 명령 행 아규먼트:  --add-opens=java.base/java.io=ALL-UNNAMED
30-Apr-2025 16:06:43.936 INFO [main] org.apache.catalina.startup.VersionLoggerListener.log 명령 행 아규먼트:  --add-opens=java.base/java.util=ALL-UNNAMED
30-Apr-2025 16:06:43.936 INFO [main] org.apache.catalina.startup.VersionLoggerListener.log 명령 행 아규먼트:  --add-opens=java.base/java.util.concurrent=ALL-UNNAMED
30-Apr-2025 16:06:43.936 INFO [main] org.apache.catalina.startup.VersionLoggerListener.log 명령 행 아규먼트:  --add-opens=java.rmi/sun.rmi.transport=ALL-UNNAMED
30-Apr-2025 16:06:43.936 INFO [main] org.apache.catalina.startup.VersionLoggerListener.log 명령 행 아규먼트:  -Dcatalina.home=/Users/leeseonghyeon/Downloads/apache-tomcat-9.0.104
30-Apr-2025 16:06:43.936 INFO [main] org.apache.catalina.startup.VersionLoggerListener.log 명령 행 아규먼트:  -Dcatalina.base=/Users/leeseonghyeon/Documents/jwp-basic
30-Apr-2025 16:06:43.936 INFO [main] org.apache.catalina.startup.VersionLoggerListener.log 명령 행 아규먼트:  -Djava.io.tmpdir=/Users/leeseonghyeon/Documents/jwp-basic/temp
30-Apr-2025 16:06:43.936 INFO [main] org.apache.catalina.startup.VersionLoggerListener.log 명령 행 아규먼트:  -Djava.util.logging.config.file=/Users/leeseonghyeon/Documents/jwp-basic/conf/logging.properties
30-Apr-2025 16:06:43.936 INFO [main] org.apache.catalina.startup.VersionLoggerListener.log 명령 행 아규먼트:  -Djava.util.logging.manager=org.apache.juli.ClassLoaderLogManager
30-Apr-2025 16:06:43.936 INFO [main] org.apache.catalina.startup.VersionLoggerListener.log 명령 행 아규먼트:  -javaagent:/Applications/IntelliJ IDEA CE.app/Contents/lib/idea_rt.jar=59457:/Applications/IntelliJ IDEA CE.app/Contents/bin
30-Apr-2025 16:06:43.936 INFO [main] org.apache.catalina.startup.VersionLoggerListener.log 명령 행 아규먼트:  -Dfile.encoding=UTF-8
30-Apr-2025 16:06:43.936 INFO [main] org.apache.catalina.startup.VersionLoggerListener.log 명령 행 아규먼트:  -Dsun.stdout.encoding=UTF-8
30-Apr-2025 16:06:43.936 INFO [main] org.apache.catalina.startup.VersionLoggerListener.log 명령 행 아규먼트:  -Dsun.stderr.encoding=UTF-8
30-Apr-2025 16:06:43.941 INFO [main] org.apache.catalina.core.AprLifecycleListener.lifecycleEvent 프로덕션 환경들에서 최적의 성능을 제공하는, APR 기반 Apache Tomcat Native 라이브러리가, 다음 java.library.path에서 발견되지 않습니다: [/Users/leeseonghyeon/Library/Java/Extensions:/Library/Java/Extensions:/Network/Library/Java/Extensions:/System/Library/Java/Extensions:/usr/lib/java:.]
30-Apr-2025 16:06:44.148 INFO [main] org.apache.coyote.AbstractProtocol.init 프로토콜 핸들러 ["http-nio-8080"]을(를) 초기화합니다.
30-Apr-2025 16:06:44.164 INFO [main] org.apache.catalina.startup.Catalina.load [338] 밀리초 내에 서버가 초기화되었습니다.
30-Apr-2025 16:06:44.193 INFO [main] org.apache.catalina.core.StandardService.startInternal 서비스 [Catalina]을(를) 시작합니다.
30-Apr-2025 16:06:44.193 INFO [main] org.apache.catalina.core.StandardEngine.startInternal 서버 엔진을 시작합니다: [Apache Tomcat/9.0.104]
30-Apr-2025 16:06:44.199 INFO [main] org.apache.catalina.startup.HostConfig.deployDescriptor 배치 descriptor [/Users/leeseonghyeon/Documents/jwp-basic/conf/Catalina/localhost/ROOT.xml]을(를) 배치합니다.
30-Apr-2025 16:06:44.840 INFO [main] org.apache.jasper.servlet.TldScanner.scanJars 적어도 하나의 JAR가 TLD들을 찾기 위해 스캔되었으나 아무 것도 찾지 못했습니다. 스캔했으나 TLD가 없는 JAR들의 전체 목록을 보시려면, 로그 레벨을 디버그 레벨로 설정하십시오. 스캔 과정에서 불필요한 JAR들을 건너뛰면, 시스템 시작 시간과 JSP 컴파일 시간을 단축시킬 수 있습니다.
30-Apr-2025 16:06:45.274 INFO [main] org.springframework.jdbc.datasource.init.ScriptUtils.executeSqlScript Executing SQL script from class path resource [jwp.sql]
30-Apr-2025 16:06:45.278 INFO [main] org.springframework.jdbc.datasource.init.ScriptUtils.executeSqlScript Executed SQL script from class path resource [jwp.sql] in 4 ms.
30-Apr-2025 16:06:45.298 INFO [main] org.apache.catalina.startup.HostConfig.deployDescriptor 배치 descriptor [/Users/leeseonghyeon/Documents/jwp-basic/conf/Catalina/localhost/ROOT.xml]의 배치가 [1,099] 밀리초 내에 완료되었습니다.
30-Apr-2025 16:06:45.300 INFO [main] org.apache.coyote.AbstractProtocol.start 프로토콜 핸들러 ["http-nio-8080"]을(를) 시작합니다.
30-Apr-2025 16:06:45.305 INFO [main] org.apache.catalina.startup.Catalina.start 서버가 [1140] 밀리초 내에 시작되었습니다.
30-Apr-2025 16:08:50.371 INFO [Thread-5] org.apache.coyote.AbstractProtocol.pause 프로토콜 핸들러 ["http-nio-8080"]을(를) 일시 정지 중
30-Apr-2025 16:08:50.375 INFO [Thread-5] org.apache.catalina.core.StandardService.stopInternal 서비스 [Catalina]을(를) 중지시킵니다.
30-Apr-2025 16:08:50.381 WARNING [Thread-5] org.apache.catalina.loader.WebappClassLoaderBase.clearReferencesJdbc 웹 애플리케이션 [ROOT]이(가) JDBC 드라이버 [org.h2.Driver]을(를) 등록했지만, 웹 애플리케이션이 중지될 때, 해당 JDBC 드라이버의 등록을 제거하지 못했습니다. 메모리 누수를 방지하기 위하여, 등록을 강제로 제거했습니다.
30-Apr-2025 16:08:50.384 INFO [Thread-5] org.apache.coyote.AbstractProtocol.stop 프로토콜 핸들러 ["http-nio-8080"]을(를) 중지시킵니다.
30-Apr-2025 16:08:50.386 INFO [Thread-5] org.apache.coyote.AbstractProtocol.destroy 프로토콜 핸들러 ["http-nio-8080"]을(를) 소멸시킵니다.
30-Apr-2025 16:09:04.380 INFO [main] org.apache.catalina.startup.VersionLoggerListener.log 서버 버전 이름:    Apache Tomcat/9.0.104
30-Apr-2025 16:09:04.381 INFO [main] org.apache.catalina.startup.VersionLoggerListener.log Server 빌드 시각:  Apr 4 2025 12:32:55 UTC
30-Apr-2025 16:09:04.381 INFO [main] org.apache.catalina.startup.VersionLoggerListener.log Server 버전 번호:  9.0.104.0
30-Apr-2025 16:09:04.382 INFO [main] org.apache.catalina.startup.VersionLoggerListener.log 운영체제 이름:     Mac OS X
30-Apr-2025 16:09:04.382 INFO [main] org.apache.catalina.startup.VersionLoggerListener.log 운영체제 버전:     13.4
30-Apr-2025 16:09:04.382 INFO [main] org.apache.catalina.startup.VersionLoggerListener.log 아키텍처:          aarch64
30-Apr-2025 16:09:04.382 INFO [main] org.apache.catalina.startup.VersionLoggerListener.log 자바 홈:           /Users/leeseonghyeon/Library/Java/JavaVirtualMachines/openjdk-18.0.2.1/Contents/Home
30-Apr-2025 16:09:04.382 INFO [main] org.apache.catalina.startup.VersionLoggerListener.log JVM 버전:          18.0.2.1+1-1
30-Apr-2025 16:09:04.382 INFO [main] org.apache.catalina.startup.VersionLoggerListener.log JVM 벤더:          Oracle Corporation
30-Apr-2025 16:09:04.382 INFO [main] org.apache.catalina.startup.VersionLoggerListener.log CATALINA_BASE:     /Users/leeseonghyeon/Documents/jwp-basic
30-Apr-2025 16:09:04.382 INFO [main] org.apache.catalina.startup.VersionLoggerListener.log CATALINA_HOME:     /Users/leeseonghyeon/Downloads/apache-tomcat-9.0.104
30-Apr-2025 16:09:04.389 INFO [main] org.apache.catalina.startup.VersionLoggerListener.log 명령 행 아규먼트:  --add-opens=java.base/java.lang=ALL-UNNAMED
30-Apr-2025 16:09:04.389 INFO [main] org.apache.catalina.startup.VersionLoggerListener.log 명령 행 아규먼트:  --add-opens=java.base/java.io=ALL-UNNAMED
30-Apr-2025 16:09:04.389 INFO [main] org.apache.catalina.startup.VersionLoggerListener.log 명령 행 아규먼트:  --add-opens=java.base/java.util=ALL-UNNAMED
30-Apr-2025 16:09:04.389 INFO [main] org.apache.catalina.startup.VersionLoggerListener.log 명령 행 아규먼트:  --add-opens=java.base/java.util.concurrent=ALL-UNNAMED
30-Apr-2025 16:09:04.389 INFO [main] org.apache.catalina.startup.VersionLoggerListener.log 명령 행 아규먼트:  --add-opens=java.rmi/sun.rmi.transport=ALL-UNNAMED
30-Apr-2025 16:09:04.389 INFO [main] org.apache.catalina.startup.VersionLoggerListener.log 명령 행 아규먼트:  -Dcatalina.home=/Users/leeseonghyeon/Downloads/apache-tomcat-9.0.104
30-Apr-2025 16:09:04.389 INFO [main] org.apache.catalina.startup.VersionLoggerListener.log 명령 행 아규먼트:  -Dcatalina.base=/Users/leeseonghyeon/Documents/jwp-basic
30-Apr-2025 16:09:04.389 INFO [main] org.apache.catalina.startup.VersionLoggerListener.log 명령 행 아규먼트:  -Djava.io.tmpdir=/Users/leeseonghyeon/Documents/jwp-basic/temp
30-Apr-2025 16:09:04.390 INFO [main] org.apache.catalina.startup.VersionLoggerListener.log 명령 행 아규먼트:  -Djava.util.logging.config.file=/Users/leeseonghyeon/Documents/jwp-basic/conf/logging.properties
30-Apr-2025 16:09:04.390 INFO [main] org.apache.catalina.startup.VersionLoggerListener.log 명령 행 아규먼트:  -Djava.util.logging.manager=org.apache.juli.ClassLoaderLogManager
30-Apr-2025 16:09:04.390 INFO [main] org.apache.catalina.startup.VersionLoggerListener.log 명령 행 아규먼트:  -javaagent:/Applications/IntelliJ IDEA CE.app/Contents/lib/idea_rt.jar=59472:/Applications/IntelliJ IDEA CE.app/Contents/bin
30-Apr-2025 16:09:04.390 INFO [main] org.apache.catalina.startup.VersionLoggerListener.log 명령 행 아규먼트:  -Dfile.encoding=UTF-8
30-Apr-2025 16:09:04.390 INFO [main] org.apache.catalina.startup.VersionLoggerListener.log 명령 행 아규먼트:  -Dsun.stdout.encoding=UTF-8
30-Apr-2025 16:09:04.390 INFO [main] org.apache.catalina.startup.VersionLoggerListener.log 명령 행 아규먼트:  -Dsun.stderr.encoding=UTF-8
30-Apr-2025 16:09:04.396 INFO [main] org.apache.catalina.core.AprLifecycleListener.lifecycleEvent 프로덕션 환경들에서 최적의 성능을 제공하는, APR 기반 Apache Tomcat Native 라이브러리가, 다음 java.library.path에서 발견되지 않습니다: [/Users/leeseonghyeon/Library/Java/Extensions:/Library/Java/Extensions:/Network/Library/Java/Extensions:/System/Library/Java/Extensions:/usr/lib/java:.]
30-Apr-2025 16:09:04.663 INFO [main] org.apache.coyote.AbstractProtocol.init 프로토콜 핸들러 ["http-nio-8080"]을(를) 초기화합니다.
30-Apr-2025 16:09:04.673 INFO [main] org.apache.catalina.startup.Catalina.load [511] 밀리초 내에 서버가 초기화되었습니다.
30-Apr-2025 16:09:04.700 INFO [main] org.apache.catalina.core.StandardService.startInternal 서비스 [Catalina]을(를) 시작합니다.
30-Apr-2025 16:09:04.700 INFO [main] org.apache.catalina.core.StandardEngine.startInternal 서버 엔진을 시작합니다: [Apache Tomcat/9.0.104]
30-Apr-2025 16:09:04.704 INFO [main] org.apache.catalina.startup.HostConfig.deployDescriptor 배치 descriptor [/Users/leeseonghyeon/Documents/jwp-basic/conf/Catalina/localhost/ROOT.xml]을(를) 배치합니다.
30-Apr-2025 16:09:05.534 INFO [main] org.apache.jasper.servlet.TldScanner.scanJars 적어도 하나의 JAR가 TLD들을 찾기 위해 스캔되었으나 아무 것도 찾지 못했습니다. 스캔했으나 TLD가 없는 JAR들의 전체 목록을 보시려면, 로그 레벨을 디버그 레벨로 설정하십시오. 스캔 과정에서 불필요한 JAR들을 건너뛰면, 시스템 시작 시간과 JSP 컴파일 시간을 단축시킬 수 있습니다.
30-Apr-2025 16:09:06.141 INFO [main] org.springframework.jdbc.datasource.init.ScriptUtils.executeSqlScript Executing SQL script from class path resource [jwp.sql]
30-Apr-2025 16:09:06.146 INFO [main] org.springframework.jdbc.datasource.init.ScriptUtils.executeSqlScript Executed SQL script from class path resource [jwp.sql] in 4 ms.
30-Apr-2025 16:09:06.168 INFO [main] org.apache.catalina.startup.HostConfig.deployDescriptor 배치 descriptor [/Users/leeseonghyeon/Documents/jwp-basic/conf/Catalina/localhost/ROOT.xml]의 배치가 [1,464] 밀리초 내에 완료되었습니다.
30-Apr-2025 16:09:06.170 INFO [main] org.apache.coyote.AbstractProtocol.start 프로토콜 핸들러 ["http-nio-8080"]을(를) 시작합니다.
30-Apr-2025 16:09:06.175 INFO [main] org.apache.catalina.startup.Catalina.start 서버가 [1500] 밀리초 내에 시작되었습니다.
30-Apr-2025 16:09:19.510 INFO [Thread-5] org.apache.coyote.AbstractProtocol.pause 프로토콜 핸들러 ["http-nio-8080"]을(를) 일시 정지 중
30-Apr-2025 16:09:19.512 INFO [Thread-5] org.apache.catalina.core.StandardService.stopInternal 서비스 [Catalina]을(를) 중지시킵니다.
30-Apr-2025 16:09:19.517 WARNING [Thread-5] org.apache.catalina.loader.WebappClassLoaderBase.clearReferencesJdbc 웹 애플리케이션 [ROOT]이(가) JDBC 드라이버 [org.h2.Driver]을(를) 등록했지만, 웹 애플리케이션이 중지될 때, 해당 JDBC 드라이버의 등록을 제거하지 못했습니다. 메모리 누수를 방지하기 위하여, 등록을 강제로 제거했습니다.
30-Apr-2025 16:09:19.521 INFO [Thread-5] org.apache.coyote.AbstractProtocol.stop 프로토콜 핸들러 ["http-nio-8080"]을(를) 중지시킵니다.
30-Apr-2025 16:09:19.523 INFO [Thread-5] org.apache.coyote.AbstractProtocol.destroy 프로토콜 핸들러 ["http-nio-8080"]을(를) 소멸시킵니다.
30-Apr-2025 16:09:23.668 INFO [main] org.apache.catalina.startup.VersionLoggerListener.log 서버 버전 이름:    Apache Tomcat/9.0.104
30-Apr-2025 16:09:23.670 INFO [main] org.apache.catalina.startup.VersionLoggerListener.log Server 빌드 시각:  Apr 4 2025 12:32:55 UTC
30-Apr-2025 16:09:23.670 INFO [main] org.apache.catalina.startup.VersionLoggerListener.log Server 버전 번호:  9.0.104.0
30-Apr-2025 16:09:23.670 INFO [main] org.apache.catalina.startup.VersionLoggerListener.log 운영체제 이름:     Mac OS X
30-Apr-2025 16:09:23.670 INFO [main] org.apache.catalina.startup.VersionLoggerListener.log 운영체제 버전:     13.4
30-Apr-2025 16:09:23.671 INFO [main] org.apache.catalina.startup.VersionLoggerListener.log 아키텍처:          aarch64
30-Apr-2025 16:09:23.671 INFO [main] org.apache.catalina.startup.VersionLoggerListener.log 자바 홈:           /Users/leeseonghyeon/Library/Java/JavaVirtualMachines/openjdk-18.0.2.1/Contents/Home
30-Apr-2025 16:09:23.671 INFO [main] org.apache.catalina.startup.VersionLoggerListener.log JVM 버전:          18.0.2.1+1-1
30-Apr-2025 16:09:23.671 INFO [main] org.apache.catalina.startup.VersionLoggerListener.log JVM 벤더:          Oracle Corporation
30-Apr-2025 16:09:23.671 INFO [main] org.apache.catalina.startup.VersionLoggerListener.log CATALINA_BASE:     /Users/leeseonghyeon/Documents/jwp-basic
30-Apr-2025 16:09:23.671 INFO [main] org.apache.catalina.startup.VersionLoggerListener.log CATALINA_HOME:     /Users/leeseonghyeon/Downloads/apache-tomcat-9.0.104
30-Apr-2025 16:09:23.677 INFO [main] org.apache.catalina.startup.VersionLoggerListener.log 명령 행 아규먼트:  --add-opens=java.base/java.lang=ALL-UNNAMED
30-Apr-2025 16:09:23.677 INFO [main] org.apache.catalina.startup.VersionLoggerListener.log 명령 행 아규먼트:  --add-opens=java.base/java.io=ALL-UNNAMED
30-Apr-2025 16:09:23.677 INFO [main] org.apache.catalina.startup.VersionLoggerListener.log 명령 행 아규먼트:  --add-opens=java.base/java.util=ALL-UNNAMED
30-Apr-2025 16:09:23.677 INFO [main] org.apache.catalina.startup.VersionLoggerListener.log 명령 행 아규먼트:  --add-opens=java.base/java.util.concurrent=ALL-UNNAMED
30-Apr-2025 16:09:23.677 INFO [main] org.apache.catalina.startup.VersionLoggerListener.log 명령 행 아규먼트:  --add-opens=java.rmi/sun.rmi.transport=ALL-UNNAMED
30-Apr-2025 16:09:23.677 INFO [main] org.apache.catalina.startup.VersionLoggerListener.log 명령 행 아규먼트:  -Dcatalina.home=/Users/leeseonghyeon/Downloads/apache-tomcat-9.0.104
30-Apr-2025 16:09:23.677 INFO [main] org.apache.catalina.startup.VersionLoggerListener.log 명령 행 아규먼트:  -Dcatalina.base=/Users/leeseonghyeon/Documents/jwp-basic
30-Apr-2025 16:09:23.677 INFO [main] org.apache.catalina.startup.VersionLoggerListener.log 명령 행 아규먼트:  -Djava.io.tmpdir=/Users/leeseonghyeon/Documents/jwp-basic/temp
30-Apr-2025 16:09:23.677 INFO [main] org.apache.catalina.startup.VersionLoggerListener.log 명령 행 아규먼트:  -Djava.util.logging.config.file=/Users/leeseonghyeon/Documents/jwp-basic/conf/logging.properties
30-Apr-2025 16:09:23.677 INFO [main] org.apache.catalina.startup.VersionLoggerListener.log 명령 행 아규먼트:  -Djava.util.logging.manager=org.apache.juli.ClassLoaderLogManager
30-Apr-2025 16:09:23.677 INFO [main] org.apache.catalina.startup.VersionLoggerListener.log 명령 행 아규먼트:  -javaagent:/Applications/IntelliJ IDEA CE.app/Contents/lib/idea_rt.jar=59488:/Applications/IntelliJ IDEA CE.app/Contents/bin
30-Apr-2025 16:09:23.677 INFO [main] org.apache.catalina.startup.VersionLoggerListener.log 명령 행 아규먼트:  -Dfile.encoding=UTF-8
30-Apr-2025 16:09:23.677 INFO [main] org.apache.catalina.startup.VersionLoggerListener.log 명령 행 아규먼트:  -Dsun.stdout.encoding=UTF-8
30-Apr-2025 16:09:23.677 INFO [main] org.apache.catalina.startup.VersionLoggerListener.log 명령 행 아규먼트:  -Dsun.stderr.encoding=UTF-8
30-Apr-2025 16:09:23.684 INFO [main] org.apache.catalina.core.AprLifecycleListener.lifecycleEvent 프로덕션 환경들에서 최적의 성능을 제공하는, APR 기반 Apache Tomcat Native 라이브러리가, 다음 java.library.path에서 발견되지 않습니다: [/Users/leeseonghyeon/Library/Java/Extensions:/Library/Java/Extensions:/Network/Library/Java/Extensions:/System/Library/Java/Extensions:/usr/lib/java:.]
30-Apr-2025 16:09:23.877 INFO [main] org.apache.coyote.AbstractProtocol.init 프로토콜 핸들러 ["http-nio-8080"]을(를) 초기화합니다.
30-Apr-2025 16:09:23.897 INFO [main] org.apache.catalina.startup.Catalina.load [429] 밀리초 내에 서버가 초기화되었습니다.
30-Apr-2025 16:09:23.931 INFO [main] org.apache.catalina.core.StandardService.startInternal 서비스 [Catalina]을(를) 시작합니다.
30-Apr-2025 16:09:23.931 INFO [main] org.apache.catalina.core.StandardEngine.startInternal 서버 엔진을 시작합니다: [Apache Tomcat/9.0.104]
30-Apr-2025 16:09:23.938 INFO [main] org.apache.catalina.startup.HostConfig.deployDescriptor 배치 descriptor [/Users/leeseonghyeon/Documents/jwp-basic/conf/Catalina/localhost/ROOT.xml]을(를) 배치합니다.
30-Apr-2025 16:09:24.625 INFO [main] org.apache.jasper.servlet.TldScanner.scanJars 적어도 하나의 JAR가 TLD들을 찾기 위해 스캔되었으나 아무 것도 찾지 못했습니다. 스캔했으나 TLD가 없는 JAR들의 전체 목록을 보시려면, 로그 레벨을 디버그 레벨로 설정하십시오. 스캔 과정에서 불필요한 JAR들을 건너뛰면, 시스템 시작 시간과 JSP 컴파일 시간을 단축시킬 수 있습니다.
30-Apr-2025 16:09:25.026 INFO [main] org.springframework.jdbc.datasource.init.ScriptUtils.executeSqlScript Executing SQL script from class path resource [jwp.sql]
30-Apr-2025 16:09:25.030 INFO [main] org.springframework.jdbc.datasource.init.ScriptUtils.executeSqlScript Executed SQL script from class path resource [jwp.sql] in 4 ms.
30-Apr-2025 16:09:25.053 INFO [main] org.apache.catalina.startup.HostConfig.deployDescriptor 배치 descriptor [/Users/leeseonghyeon/Documents/jwp-basic/conf/Catalina/localhost/ROOT.xml]의 배치가 [1,114] 밀리초 내에 완료되었습니다.
30-Apr-2025 16:09:25.054 INFO [main] org.apache.coyote.AbstractProtocol.start 프로토콜 핸들러 ["http-nio-8080"]을(를) 시작합니다.
30-Apr-2025 16:09:25.059 INFO [main] org.apache.catalina.startup.Catalina.start 서버가 [1161] 밀리초 내에 시작되었습니다.
30-Apr-2025 16:09:55.071 INFO [Thread-5] org.apache.coyote.AbstractProtocol.pause 프로토콜 핸들러 ["http-nio-8080"]을(를) 일시 정지 중
30-Apr-2025 16:09:55.073 INFO [Thread-5] org.apache.catalina.core.StandardService.stopInternal 서비스 [Catalina]을(를) 중지시킵니다.
30-Apr-2025 16:09:55.078 WARNING [Thread-5] org.apache.catalina.loader.WebappClassLoaderBase.clearReferencesJdbc 웹 애플리케이션 [ROOT]이(가) JDBC 드라이버 [org.h2.Driver]을(를) 등록했지만, 웹 애플리케이션이 중지될 때, 해당 JDBC 드라이버의 등록을 제거하지 못했습니다. 메모리 누수를 방지하기 위하여, 등록을 강제로 제거했습니다.
30-Apr-2025 16:09:55.081 INFO [Thread-5] org.apache.coyote.AbstractProtocol.stop 프로토콜 핸들러 ["http-nio-8080"]을(를) 중지시킵니다.
30-Apr-2025 16:09:55.083 INFO [Thread-5] org.apache.coyote.AbstractProtocol.destroy 프로토콜 핸들러 ["http-nio-8080"]을(를) 소멸시킵니다.
30-Apr-2025 16:09:59.255 INFO [main] org.apache.catalina.startup.VersionLoggerListener.log 서버 버전 이름:    Apache Tomcat/9.0.104
30-Apr-2025 16:09:59.260 INFO [main] org.apache.catalina.startup.VersionLoggerListener.log Server 빌드 시각:  Apr 4 2025 12:32:55 UTC
30-Apr-2025 16:09:59.260 INFO [main] org.apache.catalina.startup.VersionLoggerListener.log Server 버전 번호:  9.0.104.0
30-Apr-2025 16:09:59.260 INFO [main] org.apache.catalina.startup.VersionLoggerListener.log 운영체제 이름:     Mac OS X
30-Apr-2025 16:09:59.260 INFO [main] org.apache.catalina.startup.VersionLoggerListener.log 운영체제 버전:     13.4
30-Apr-2025 16:09:59.260 INFO [main] org.apache.catalina.startup.VersionLoggerListener.log 아키텍처:          aarch64
30-Apr-2025 16:09:59.261 INFO [main] org.apache.catalina.startup.VersionLoggerListener.log 자바 홈:           /Users/leeseonghyeon/Library/Java/JavaVirtualMachines/openjdk-18.0.2.1/Contents/Home
30-Apr-2025 16:09:59.261 INFO [main] org.apache.catalina.startup.VersionLoggerListener.log JVM 버전:          18.0.2.1+1-1
30-Apr-2025 16:09:59.261 INFO [main] org.apache.catalina.startup.VersionLoggerListener.log JVM 벤더:          Oracle Corporation
30-Apr-2025 16:09:59.261 INFO [main] org.apache.catalina.startup.VersionLoggerListener.log CATALINA_BASE:     /Users/leeseonghyeon/Documents/jwp-basic
30-Apr-2025 16:09:59.261 INFO [main] org.apache.catalina.startup.VersionLoggerListener.log CATALINA_HOME:     /Users/leeseonghyeon/Downloads/apache-tomcat-9.0.104
30-Apr-2025 16:09:59.270 INFO [main] org.apache.catalina.startup.VersionLoggerListener.log 명령 행 아규먼트:  --add-opens=java.base/java.lang=ALL-UNNAMED
30-Apr-2025 16:09:59.270 INFO [main] org.apache.catalina.startup.VersionLoggerListener.log 명령 행 아규먼트:  --add-opens=java.base/java.io=ALL-UNNAMED
30-Apr-2025 16:09:59.270 INFO [main] org.apache.catalina.startup.VersionLoggerListener.log 명령 행 아규먼트:  --add-opens=java.base/java.util=ALL-UNNAMED
30-Apr-2025 16:09:59.270 INFO [main] org.apache.catalina.startup.VersionLoggerListener.log 명령 행 아규먼트:  --add-opens=java.base/java.util.concurrent=ALL-UNNAMED
30-Apr-2025 16:09:59.271 INFO [main] org.apache.catalina.startup.VersionLoggerListener.log 명령 행 아규먼트:  --add-opens=java.rmi/sun.rmi.transport=ALL-UNNAMED
30-Apr-2025 16:09:59.271 INFO [main] org.apache.catalina.startup.VersionLoggerListener.log 명령 행 아규먼트:  -Dcatalina.home=/Users/leeseonghyeon/Downloads/apache-tomcat-9.0.104
30-Apr-2025 16:09:59.271 INFO [main] org.apache.catalina.startup.VersionLoggerListener.log 명령 행 아규먼트:  -Dcatalina.base=/Users/leeseonghyeon/Documents/jwp-basic
30-Apr-2025 16:09:59.271 INFO [main] org.apache.catalina.startup.VersionLoggerListener.log 명령 행 아규먼트:  -Djava.io.tmpdir=/Users/leeseonghyeon/Documents/jwp-basic/temp
30-Apr-2025 16:09:59.271 INFO [main] org.apache.catalina.startup.VersionLoggerListener.log 명령 행 아규먼트:  -Djava.util.logging.config.file=/Users/leeseonghyeon/Documents/jwp-basic/conf/logging.properties
30-Apr-2025 16:09:59.271 INFO [main] org.apache.catalina.startup.VersionLoggerListener.log 명령 행 아규먼트:  -Djava.util.logging.manager=org.apache.juli.ClassLoaderLogManager
30-Apr-2025 16:09:59.271 INFO [main] org.apache.catalina.startup.VersionLoggerListener.log 명령 행 아규먼트:  -javaagent:/Applications/IntelliJ IDEA CE.app/Contents/lib/idea_rt.jar=59499:/Applications/IntelliJ IDEA CE.app/Contents/bin
30-Apr-2025 16:09:59.271 INFO [main] org.apache.catalina.startup.VersionLoggerListener.log 명령 행 아규먼트:  -Dfile.encoding=UTF-8
30-Apr-2025 16:09:59.271 INFO [main] org.apache.catalina.startup.VersionLoggerListener.log 명령 행 아규먼트:  -Dsun.stdout.encoding=UTF-8
30-Apr-2025 16:09:59.271 INFO [main] org.apache.catalina.startup.VersionLoggerListener.log 명령 행 아규먼트:  -Dsun.stderr.encoding=UTF-8
30-Apr-2025 16:09:59.279 INFO [main] org.apache.catalina.core.AprLifecycleListener.lifecycleEvent 프로덕션 환경들에서 최적의 성능을 제공하는, APR 기반 Apache Tomcat Native 라이브러리가, 다음 java.library.path에서 발견되지 않습니다: [/Users/leeseonghyeon/Library/Java/Extensions:/Library/Java/Extensions:/Network/Library/Java/Extensions:/System/Library/Java/Extensions:/usr/lib/java:.]
30-Apr-2025 16:09:59.531 INFO [main] org.apache.coyote.AbstractProtocol.init 프로토콜 핸들러 ["http-nio-8080"]을(를) 초기화합니다.
30-Apr-2025 16:09:59.547 INFO [main] org.apache.catalina.startup.Catalina.load [505] 밀리초 내에 서버가 초기화되었습니다.
30-Apr-2025 16:09:59.578 INFO [main] org.apache.catalina.core.StandardService.startInternal 서비스 [Catalina]을(를) 시작합니다.
30-Apr-2025 16:09:59.578 INFO [main] org.apache.catalina.core.StandardEngine.startInternal 서버 엔진을 시작합니다: [Apache Tomcat/9.0.104]
30-Apr-2025 16:09:59.582 INFO [main] org.apache.catalina.startup.HostConfig.deployDescriptor 배치 descriptor [/Users/leeseonghyeon/Documents/jwp-basic/conf/Catalina/localhost/ROOT.xml]을(를) 배치합니다.
30-Apr-2025 16:10:00.269 INFO [main] org.apache.jasper.servlet.TldScanner.scanJars 적어도 하나의 JAR가 TLD들을 찾기 위해 스캔되었으나 아무 것도 찾지 못했습니다. 스캔했으나 TLD가 없는 JAR들의 전체 목록을 보시려면, 로그 레벨을 디버그 레벨로 설정하십시오. 스캔 과정에서 불필요한 JAR들을 건너뛰면, 시스템 시작 시간과 JSP 컴파일 시간을 단축시킬 수 있습니다.
30-Apr-2025 16:10:00.663 INFO [main] org.springframework.jdbc.datasource.init.ScriptUtils.executeSqlScript Executing SQL script from class path resource [jwp.sql]
30-Apr-2025 16:10:00.667 INFO [main] org.springframework.jdbc.datasource.init.ScriptUtils.executeSqlScript Executed SQL script from class path resource [jwp.sql] in 4 ms.
30-Apr-2025 16:10:00.687 INFO [main] org.apache.catalina.startup.HostConfig.deployDescriptor 배치 descriptor [/Users/leeseonghyeon/Documents/jwp-basic/conf/Catalina/localhost/ROOT.xml]의 배치가 [1,105] 밀리초 내에 완료되었습니다.
30-Apr-2025 16:10:00.689 INFO [main] org.apache.coyote.AbstractProtocol.start 프로토콜 핸들러 ["http-nio-8080"]을(를) 시작합니다.
30-Apr-2025 16:10:00.694 INFO [main] org.apache.catalina.startup.Catalina.start 서버가 [1146] 밀리초 내에 시작되었습니다.
30-Apr-2025 16:13:55.112 INFO [Thread-5] org.apache.coyote.AbstractProtocol.pause 프로토콜 핸들러 ["http-nio-8080"]을(를) 일시 정지 중
30-Apr-2025 16:13:55.114 INFO [Thread-5] org.apache.catalina.core.StandardService.stopInternal 서비스 [Catalina]을(를) 중지시킵니다.
30-Apr-2025 16:13:55.121 WARNING [Thread-5] org.apache.catalina.loader.WebappClassLoaderBase.clearReferencesJdbc 웹 애플리케이션 [ROOT]이(가) JDBC 드라이버 [org.h2.Driver]을(를) 등록했지만, 웹 애플리케이션이 중지될 때, 해당 JDBC 드라이버의 등록을 제거하지 못했습니다. 메모리 누수를 방지하기 위하여, 등록을 강제로 제거했습니다.
30-Apr-2025 16:13:55.124 INFO [Thread-5] org.apache.coyote.AbstractProtocol.stop 프로토콜 핸들러 ["http-nio-8080"]을(를) 중지시킵니다.
30-Apr-2025 16:13:55.128 INFO [Thread-5] org.apache.coyote.AbstractProtocol.destroy 프로토콜 핸들러 ["http-nio-8080"]을(를) 소멸시킵니다.
30-Apr-2025 16:13:59.452 INFO [main] org.apache.catalina.startup.VersionLoggerListener.log 서버 버전 이름:    Apache Tomcat/9.0.104
30-Apr-2025 16:13:59.455 INFO [main] org.apache.catalina.startup.VersionLoggerListener.log Server 빌드 시각:  Apr 4 2025 12:32:55 UTC
30-Apr-2025 16:13:59.455 INFO [main] org.apache.catalina.startup.VersionLoggerListener.log Server 버전 번호:  9.0.104.0
30-Apr-2025 16:13:59.455 INFO [main] org.apache.catalina.startup.VersionLoggerListener.log 운영체제 이름:     Mac OS X
30-Apr-2025 16:13:59.455 INFO [main] org.apache.catalina.startup.VersionLoggerListener.log 운영체제 버전:     13.4
30-Apr-2025 16:13:59.455 INFO [main] org.apache.catalina.startup.VersionLoggerListener.log 아키텍처:          aarch64
30-Apr-2025 16:13:59.455 INFO [main] org.apache.catalina.startup.VersionLoggerListener.log 자바 홈:           /Users/leeseonghyeon/Library/Java/JavaVirtualMachines/openjdk-18.0.2.1/Contents/Home
30-Apr-2025 16:13:59.455 INFO [main] org.apache.catalina.startup.VersionLoggerListener.log JVM 버전:          18.0.2.1+1-1
30-Apr-2025 16:13:59.455 INFO [main] org.apache.catalina.startup.VersionLoggerListener.log JVM 벤더:          Oracle Corporation
30-Apr-2025 16:13:59.455 INFO [main] org.apache.catalina.startup.VersionLoggerListener.log CATALINA_BASE:     /Users/leeseonghyeon/Documents/jwp-basic
30-Apr-2025 16:13:59.455 INFO [main] org.apache.catalina.startup.VersionLoggerListener.log CATALINA_HOME:     /Users/leeseonghyeon/Downloads/apache-tomcat-9.0.104
30-Apr-2025 16:13:59.459 INFO [main] org.apache.catalina.startup.VersionLoggerListener.log 명령 행 아규먼트:  --add-opens=java.base/java.lang=ALL-UNNAMED
30-Apr-2025 16:13:59.459 INFO [main] org.apache.catalina.startup.VersionLoggerListener.log 명령 행 아규먼트:  --add-opens=java.base/java.io=ALL-UNNAMED
30-Apr-2025 16:13:59.459 INFO [main] org.apache.catalina.startup.VersionLoggerListener.log 명령 행 아규먼트:  --add-opens=java.base/java.util=ALL-UNNAMED
30-Apr-2025 16:13:59.459 INFO [main] org.apache.catalina.startup.VersionLoggerListener.log 명령 행 아규먼트:  --add-opens=java.base/java.util.concurrent=ALL-UNNAMED
30-Apr-2025 16:13:59.459 INFO [main] org.apache.catalina.startup.VersionLoggerListener.log 명령 행 아규먼트:  --add-opens=java.rmi/sun.rmi.transport=ALL-UNNAMED
30-Apr-2025 16:13:59.459 INFO [main] org.apache.catalina.startup.VersionLoggerListener.log 명령 행 아규먼트:  -Dcatalina.home=/Users/leeseonghyeon/Downloads/apache-tomcat-9.0.104
30-Apr-2025 16:13:59.459 INFO [main] org.apache.catalina.startup.VersionLoggerListener.log 명령 행 아규먼트:  -Dcatalina.base=/Users/leeseonghyeon/Documents/jwp-basic
30-Apr-2025 16:13:59.459 INFO [main] org.apache.catalina.startup.VersionLoggerListener.log 명령 행 아규먼트:  -Djava.io.tmpdir=/Users/leeseonghyeon/Documents/jwp-basic/temp
30-Apr-2025 16:13:59.459 INFO [main] org.apache.catalina.startup.VersionLoggerListener.log 명령 행 아규먼트:  -Djava.util.logging.config.file=/Users/leeseonghyeon/Documents/jwp-basic/conf/logging.properties
30-Apr-2025 16:13:59.460 INFO [main] org.apache.catalina.startup.VersionLoggerListener.log 명령 행 아규먼트:  -Djava.util.logging.manager=org.apache.juli.ClassLoaderLogManager
30-Apr-2025 16:13:59.460 INFO [main] org.apache.catalina.startup.VersionLoggerListener.log 명령 행 아규먼트:  -javaagent:/Applications/IntelliJ IDEA CE.app/Contents/lib/idea_rt.jar=59521:/Applications/IntelliJ IDEA CE.app/Contents/bin
30-Apr-2025 16:13:59.460 INFO [main] org.apache.catalina.startup.VersionLoggerListener.log 명령 행 아규먼트:  -Dfile.encoding=UTF-8
30-Apr-2025 16:13:59.460 INFO [main] org.apache.catalina.startup.VersionLoggerListener.log 명령 행 아규먼트:  -Dsun.stdout.encoding=UTF-8
30-Apr-2025 16:13:59.460 INFO [main] org.apache.catalina.startup.VersionLoggerListener.log 명령 행 아규먼트:  -Dsun.stderr.encoding=UTF-8
30-Apr-2025 16:13:59.465 INFO [main] org.apache.catalina.core.AprLifecycleListener.lifecycleEvent 프로덕션 환경들에서 최적의 성능을 제공하는, APR 기반 Apache Tomcat Native 라이브러리가, 다음 java.library.path에서 발견되지 않습니다: [/Users/leeseonghyeon/Library/Java/Extensions:/Library/Java/Extensions:/Network/Library/Java/Extensions:/System/Library/Java/Extensions:/usr/lib/java:.]
30-Apr-2025 16:13:59.690 INFO [main] org.apache.coyote.AbstractProtocol.init 프로토콜 핸들러 ["http-nio-8080"]을(를) 초기화합니다.
30-Apr-2025 16:13:59.706 INFO [main] org.apache.catalina.startup.Catalina.load [360] 밀리초 내에 서버가 초기화되었습니다.
30-Apr-2025 16:13:59.739 INFO [main] org.apache.catalina.core.StandardService.startInternal 서비스 [Catalina]을(를) 시작합니다.
30-Apr-2025 16:13:59.740 INFO [main] org.apache.catalina.core.StandardEngine.startInternal 서버 엔진을 시작합니다: [Apache Tomcat/9.0.104]
30-Apr-2025 16:13:59.746 INFO [main] org.apache.catalina.startup.HostConfig.deployDescriptor 배치 descriptor [/Users/leeseonghyeon/Documents/jwp-basic/conf/Catalina/localhost/ROOT.xml]을(를) 배치합니다.
30-Apr-2025 16:14:00.432 INFO [main] org.apache.jasper.servlet.TldScanner.scanJars 적어도 하나의 JAR가 TLD들을 찾기 위해 스캔되었으나 아무 것도 찾지 못했습니다. 스캔했으나 TLD가 없는 JAR들의 전체 목록을 보시려면, 로그 레벨을 디버그 레벨로 설정하십시오. 스캔 과정에서 불필요한 JAR들을 건너뛰면, 시스템 시작 시간과 JSP 컴파일 시간을 단축시킬 수 있습니다.
30-Apr-2025 16:14:00.971 INFO [main] org.springframework.jdbc.datasource.init.ScriptUtils.executeSqlScript Executing SQL script from class path resource [jwp.sql]
30-Apr-2025 16:14:00.974 INFO [main] org.springframework.jdbc.datasource.init.ScriptUtils.executeSqlScript Executed SQL script from class path resource [jwp.sql] in 3 ms.
30-Apr-2025 16:14:00.997 INFO [main] org.apache.catalina.startup.HostConfig.deployDescriptor 배치 descriptor [/Users/leeseonghyeon/Documents/jwp-basic/conf/Catalina/localhost/ROOT.xml]의 배치가 [1,251] 밀리초 내에 완료되었습니다.
30-Apr-2025 16:14:00.999 INFO [main] org.apache.coyote.AbstractProtocol.start 프로토콜 핸들러 ["http-nio-8080"]을(를) 시작합니다.
30-Apr-2025 16:14:01.005 INFO [main] org.apache.catalina.startup.Catalina.start 서버가 [1298] 밀리초 내에 시작되었습니다.
30-Apr-2025 16:18:47.082 INFO [Thread-5] org.apache.coyote.AbstractProtocol.pause 프로토콜 핸들러 ["http-nio-8080"]을(를) 일시 정지 중
30-Apr-2025 16:18:47.084 INFO [Thread-5] org.apache.catalina.core.StandardService.stopInternal 서비스 [Catalina]을(를) 중지시킵니다.
30-Apr-2025 16:18:47.090 WARNING [Thread-5] org.apache.catalina.loader.WebappClassLoaderBase.clearReferencesJdbc 웹 애플리케이션 [ROOT]이(가) JDBC 드라이버 [org.h2.Driver]을(를) 등록했지만, 웹 애플리케이션이 중지될 때, 해당 JDBC 드라이버의 등록을 제거하지 못했습니다. 메모리 누수를 방지하기 위하여, 등록을 강제로 제거했습니다.
30-Apr-2025 16:18:47.093 INFO [Thread-5] org.apache.coyote.AbstractProtocol.stop 프로토콜 핸들러 ["http-nio-8080"]을(를) 중지시킵니다.
30-Apr-2025 16:18:47.094 INFO [Thread-5] org.apache.coyote.AbstractProtocol.destroy 프로토콜 핸들러 ["http-nio-8080"]을(를) 소멸시킵니다.
30-Apr-2025 16:18:50.475 INFO [main] org.apache.catalina.startup.VersionLoggerListener.log 서버 버전 이름:    Apache Tomcat/9.0.104
30-Apr-2025 16:18:50.477 INFO [main] org.apache.catalina.startup.VersionLoggerListener.log Server 빌드 시각:  Apr 4 2025 12:32:55 UTC
30-Apr-2025 16:18:50.477 INFO [main] org.apache.catalina.startup.VersionLoggerListener.log Server 버전 번호:  9.0.104.0
30-Apr-2025 16:18:50.478 INFO [main] org.apache.catalina.startup.VersionLoggerListener.log 운영체제 이름:     Mac OS X
30-Apr-2025 16:18:50.478 INFO [main] org.apache.catalina.startup.VersionLoggerListener.log 운영체제 버전:     13.4
30-Apr-2025 16:18:50.478 INFO [main] org.apache.catalina.startup.VersionLoggerListener.log 아키텍처:          aarch64
30-Apr-2025 16:18:50.478 INFO [main] org.apache.catalina.startup.VersionLoggerListener.log 자바 홈:           /Users/leeseonghyeon/Library/Java/JavaVirtualMachines/openjdk-18.0.2.1/Contents/Home
30-Apr-2025 16:18:50.478 INFO [main] org.apache.catalina.startup.VersionLoggerListener.log JVM 버전:          18.0.2.1+1-1
30-Apr-2025 16:18:50.478 INFO [main] org.apache.catalina.startup.VersionLoggerListener.log JVM 벤더:          Oracle Corporation
30-Apr-2025 16:18:50.478 INFO [main] org.apache.catalina.startup.VersionLoggerListener.log CATALINA_BASE:     /Users/leeseonghyeon/Documents/jwp-basic
30-Apr-2025 16:18:50.478 INFO [main] org.apache.catalina.startup.VersionLoggerListener.log CATALINA_HOME:     /Users/leeseonghyeon/Downloads/apache-tomcat-9.0.104
30-Apr-2025 16:18:50.485 INFO [main] org.apache.catalina.startup.VersionLoggerListener.log 명령 행 아규먼트:  --add-opens=java.base/java.lang=ALL-UNNAMED
30-Apr-2025 16:18:50.485 INFO [main] org.apache.catalina.startup.VersionLoggerListener.log 명령 행 아규먼트:  --add-opens=java.base/java.io=ALL-UNNAMED
30-Apr-2025 16:18:50.485 INFO [main] org.apache.catalina.startup.VersionLoggerListener.log 명령 행 아규먼트:  --add-opens=java.base/java.util=ALL-UNNAMED
30-Apr-2025 16:18:50.485 INFO [main] org.apache.catalina.startup.VersionLoggerListener.log 명령 행 아규먼트:  --add-opens=java.base/java.util.concurrent=ALL-UNNAMED
30-Apr-2025 16:18:50.485 INFO [main] org.apache.catalina.startup.VersionLoggerListener.log 명령 행 아규먼트:  --add-opens=java.rmi/sun.rmi.transport=ALL-UNNAMED
30-Apr-2025 16:18:50.486 INFO [main] org.apache.catalina.startup.VersionLoggerListener.log 명령 행 아규먼트:  -Dcatalina.home=/Users/leeseonghyeon/Downloads/apache-tomcat-9.0.104
30-Apr-2025 16:18:50.486 INFO [main] org.apache.catalina.startup.VersionLoggerListener.log 명령 행 아규먼트:  -Dcatalina.base=/Users/leeseonghyeon/Documents/jwp-basic
30-Apr-2025 16:18:50.486 INFO [main] org.apache.catalina.startup.VersionLoggerListener.log 명령 행 아규먼트:  -Djava.io.tmpdir=/Users/leeseonghyeon/Documents/jwp-basic/temp
30-Apr-2025 16:18:50.486 INFO [main] org.apache.catalina.startup.VersionLoggerListener.log 명령 행 아규먼트:  -Djava.util.logging.config.file=/Users/leeseonghyeon/Documents/jwp-basic/conf/logging.properties
30-Apr-2025 16:18:50.486 INFO [main] org.apache.catalina.startup.VersionLoggerListener.log 명령 행 아규먼트:  -Djava.util.logging.manager=org.apache.juli.ClassLoaderLogManager
30-Apr-2025 16:18:50.486 INFO [main] org.apache.catalina.startup.VersionLoggerListener.log 명령 행 아규먼트:  -javaagent:/Applications/IntelliJ IDEA CE.app/Contents/lib/idea_rt.jar=59545:/Applications/IntelliJ IDEA CE.app/Contents/bin
30-Apr-2025 16:18:50.486 INFO [main] org.apache.catalina.startup.VersionLoggerListener.log 명령 행 아규먼트:  -Dfile.encoding=UTF-8
30-Apr-2025 16:18:50.486 INFO [main] org.apache.catalina.startup.VersionLoggerListener.log 명령 행 아규먼트:  -Dsun.stdout.encoding=UTF-8
30-Apr-2025 16:18:50.486 INFO [main] org.apache.catalina.startup.VersionLoggerListener.log 명령 행 아규먼트:  -Dsun.stderr.encoding=UTF-8
30-Apr-2025 16:18:50.492 INFO [main] org.apache.catalina.core.AprLifecycleListener.lifecycleEvent 프로덕션 환경들에서 최적의 성능을 제공하는, APR 기반 Apache Tomcat Native 라이브러리가, 다음 java.library.path에서 발견되지 않습니다: [/Users/leeseonghyeon/Library/Java/Extensions:/Library/Java/Extensions:/Network/Library/Java/Extensions:/System/Library/Java/Extensions:/usr/lib/java:.]
30-Apr-2025 16:18:50.671 INFO [main] org.apache.coyote.AbstractProtocol.init 프로토콜 핸들러 ["http-nio-8080"]을(를) 초기화합니다.
30-Apr-2025 16:18:50.680 INFO [main] org.apache.catalina.startup.Catalina.load [313] 밀리초 내에 서버가 초기화되었습니다.
30-Apr-2025 16:18:50.704 INFO [main] org.apache.catalina.core.StandardService.startInternal 서비스 [Catalina]을(를) 시작합니다.
30-Apr-2025 16:18:50.704 INFO [main] org.apache.catalina.core.StandardEngine.startInternal 서버 엔진을 시작합니다: [Apache Tomcat/9.0.104]
30-Apr-2025 16:18:50.708 INFO [main] org.apache.catalina.startup.HostConfig.deployDescriptor 배치 descriptor [/Users/leeseonghyeon/Documents/jwp-basic/conf/Catalina/localhost/ROOT.xml]을(를) 배치합니다.
30-Apr-2025 16:18:51.418 INFO [main] org.apache.jasper.servlet.TldScanner.scanJars 적어도 하나의 JAR가 TLD들을 찾기 위해 스캔되었으나 아무 것도 찾지 못했습니다. 스캔했으나 TLD가 없는 JAR들의 전체 목록을 보시려면, 로그 레벨을 디버그 레벨로 설정하십시오. 스캔 과정에서 불필요한 JAR들을 건너뛰면, 시스템 시작 시간과 JSP 컴파일 시간을 단축시킬 수 있습니다.
30-Apr-2025 16:18:51.819 INFO [main] org.springframework.jdbc.datasource.init.ScriptUtils.executeSqlScript Executing SQL script from class path resource [jwp.sql]
30-Apr-2025 16:18:51.823 INFO [main] org.springframework.jdbc.datasource.init.ScriptUtils.executeSqlScript Executed SQL script from class path resource [jwp.sql] in 4 ms.
30-Apr-2025 16:18:51.850 INFO [main] org.apache.catalina.startup.HostConfig.deployDescriptor 배치 descriptor [/Users/leeseonghyeon/Documents/jwp-basic/conf/Catalina/localhost/ROOT.xml]의 배치가 [1,142] 밀리초 내에 완료되었습니다.
30-Apr-2025 16:18:51.852 INFO [main] org.apache.coyote.AbstractProtocol.start 프로토콜 핸들러 ["http-nio-8080"]을(를) 시작합니다.
30-Apr-2025 16:18:51.858 INFO [main] org.apache.catalina.startup.Catalina.start 서버가 [1176] 밀리초 내에 시작되었습니다.
30-Apr-2025 16:19:34.095 INFO [Thread-5] org.apache.coyote.AbstractProtocol.pause 프로토콜 핸들러 ["http-nio-8080"]을(를) 일시 정지 중
30-Apr-2025 16:19:34.098 INFO [Thread-5] org.apache.catalina.core.StandardService.stopInternal 서비스 [Catalina]을(를) 중지시킵니다.
30-Apr-2025 16:19:34.103 WARNING [Thread-5] org.apache.catalina.loader.WebappClassLoaderBase.clearReferencesJdbc 웹 애플리케이션 [ROOT]이(가) JDBC 드라이버 [org.h2.Driver]을(를) 등록했지만, 웹 애플리케이션이 중지될 때, 해당 JDBC 드라이버의 등록을 제거하지 못했습니다. 메모리 누수를 방지하기 위하여, 등록을 강제로 제거했습니다.
30-Apr-2025 16:19:34.105 INFO [Thread-5] org.apache.coyote.AbstractProtocol.stop 프로토콜 핸들러 ["http-nio-8080"]을(를) 중지시킵니다.
30-Apr-2025 16:19:34.108 INFO [Thread-5] org.apache.coyote.AbstractProtocol.destroy 프로토콜 핸들러 ["http-nio-8080"]을(를) 소멸시킵니다.
30-Apr-2025 16:19:37.331 INFO [main] org.apache.catalina.startup.VersionLoggerListener.log 서버 버전 이름:    Apache Tomcat/9.0.104
30-Apr-2025 16:19:37.334 INFO [main] org.apache.catalina.startup.VersionLoggerListener.log Server 빌드 시각:  Apr 4 2025 12:32:55 UTC
30-Apr-2025 16:19:37.334 INFO [main] org.apache.catalina.startup.VersionLoggerListener.log Server 버전 번호:  9.0.104.0
30-Apr-2025 16:19:37.335 INFO [main] org.apache.catalina.startup.VersionLoggerListener.log 운영체제 이름:     Mac OS X
30-Apr-2025 16:19:37.335 INFO [main] org.apache.catalina.startup.VersionLoggerListener.log 운영체제 버전:     13.4
30-Apr-2025 16:19:37.335 INFO [main] org.apache.catalina.startup.VersionLoggerListener.log 아키텍처:          aarch64
30-Apr-2025 16:19:37.335 INFO [main] org.apache.catalina.startup.VersionLoggerListener.log 자바 홈:           /Users/leeseonghyeon/Library/Java/JavaVirtualMachines/openjdk-18.0.2.1/Contents/Home
30-Apr-2025 16:19:37.335 INFO [main] org.apache.catalina.startup.VersionLoggerListener.log JVM 버전:          18.0.2.1+1-1
30-Apr-2025 16:19:37.335 INFO [main] org.apache.catalina.startup.VersionLoggerListener.log JVM 벤더:          Oracle Corporation
30-Apr-2025 16:19:37.335 INFO [main] org.apache.catalina.startup.VersionLoggerListener.log CATALINA_BASE:     /Users/leeseonghyeon/Documents/jwp-basic
30-Apr-2025 16:19:37.335 INFO [main] org.apache.catalina.startup.VersionLoggerListener.log CATALINA_HOME:     /Users/leeseonghyeon/Downloads/apache-tomcat-9.0.104
30-Apr-2025 16:19:37.341 INFO [main] org.apache.catalina.startup.VersionLoggerListener.log 명령 행 아규먼트:  --add-opens=java.base/java.lang=ALL-UNNAMED
30-Apr-2025 16:19:37.341 INFO [main] org.apache.catalina.startup.VersionLoggerListener.log 명령 행 아규먼트:  --add-opens=java.base/java.io=ALL-UNNAMED
30-Apr-2025 16:19:37.341 INFO [main] org.apache.catalina.startup.VersionLoggerListener.log 명령 행 아규먼트:  --add-opens=java.base/java.util=ALL-UNNAMED
30-Apr-2025 16:19:37.341 INFO [main] org.apache.catalina.startup.VersionLoggerListener.log 명령 행 아규먼트:  --add-opens=java.base/java.util.concurrent=ALL-UNNAMED
30-Apr-2025 16:19:37.341 INFO [main] org.apache.catalina.startup.VersionLoggerListener.log 명령 행 아규먼트:  --add-opens=java.rmi/sun.rmi.transport=ALL-UNNAMED
30-Apr-2025 16:19:37.341 INFO [main] org.apache.catalina.startup.VersionLoggerListener.log 명령 행 아규먼트:  -Dcatalina.home=/Users/leeseonghyeon/Downloads/apache-tomcat-9.0.104
30-Apr-2025 16:19:37.341 INFO [main] org.apache.catalina.startup.VersionLoggerListener.log 명령 행 아규먼트:  -Dcatalina.base=/Users/leeseonghyeon/Documents/jwp-basic
30-Apr-2025 16:19:37.341 INFO [main] org.apache.catalina.startup.VersionLoggerListener.log 명령 행 아규먼트:  -Djava.io.tmpdir=/Users/leeseonghyeon/Documents/jwp-basic/temp
30-Apr-2025 16:19:37.341 INFO [main] org.apache.catalina.startup.VersionLoggerListener.log 명령 행 아규먼트:  -Djava.util.logging.config.file=/Users/leeseonghyeon/Documents/jwp-basic/conf/logging.properties
30-Apr-2025 16:19:37.341 INFO [main] org.apache.catalina.startup.VersionLoggerListener.log 명령 행 아규먼트:  -Djava.util.logging.manager=org.apache.juli.ClassLoaderLogManager
30-Apr-2025 16:19:37.341 INFO [main] org.apache.catalina.startup.VersionLoggerListener.log 명령 행 아규먼트:  -javaagent:/Applications/IntelliJ IDEA CE.app/Contents/lib/idea_rt.jar=59560:/Applications/IntelliJ IDEA CE.app/Contents/bin
30-Apr-2025 16:19:37.341 INFO [main] org.apache.catalina.startup.VersionLoggerListener.log 명령 행 아규먼트:  -Dfile.encoding=UTF-8
30-Apr-2025 16:19:37.341 INFO [main] org.apache.catalina.startup.VersionLoggerListener.log 명령 행 아규먼트:  -Dsun.stdout.encoding=UTF-8
30-Apr-2025 16:19:37.341 INFO [main] org.apache.catalina.startup.VersionLoggerListener.log 명령 행 아규먼트:  -Dsun.stderr.encoding=UTF-8
30-Apr-2025 16:19:37.346 INFO [main] org.apache.catalina.core.AprLifecycleListener.lifecycleEvent 프로덕션 환경들에서 최적의 성능을 제공하는, APR 기반 Apache Tomcat Native 라이브러리가, 다음 java.library.path에서 발견되지 않습니다: [/Users/leeseonghyeon/Library/Java/Extensions:/Library/Java/Extensions:/Network/Library/Java/Extensions:/System/Library/Java/Extensions:/usr/lib/java:.]
30-Apr-2025 16:19:37.527 INFO [main] org.apache.coyote.AbstractProtocol.init 프로토콜 핸들러 ["http-nio-8080"]을(를) 초기화합니다.
30-Apr-2025 16:19:37.537 INFO [main] org.apache.catalina.startup.Catalina.load [322] 밀리초 내에 서버가 초기화되었습니다.
30-Apr-2025 16:19:37.564 INFO [main] org.apache.catalina.core.StandardService.startInternal 서비스 [Catalina]을(를) 시작합니다.
30-Apr-2025 16:19:37.564 INFO [main] org.apache.catalina.core.StandardEngine.startInternal 서버 엔진을 시작합니다: [Apache Tomcat/9.0.104]
30-Apr-2025 16:19:37.571 INFO [main] org.apache.catalina.startup.HostConfig.deployDescriptor 배치 descriptor [/Users/leeseonghyeon/Documents/jwp-basic/conf/Catalina/localhost/ROOT.xml]을(를) 배치합니다.
30-Apr-2025 16:19:38.272 INFO [main] org.apache.jasper.servlet.TldScanner.scanJars 적어도 하나의 JAR가 TLD들을 찾기 위해 스캔되었으나 아무 것도 찾지 못했습니다. 스캔했으나 TLD가 없는 JAR들의 전체 목록을 보시려면, 로그 레벨을 디버그 레벨로 설정하십시오. 스캔 과정에서 불필요한 JAR들을 건너뛰면, 시스템 시작 시간과 JSP 컴파일 시간을 단축시킬 수 있습니다.
30-Apr-2025 16:19:38.664 INFO [main] org.springframework.jdbc.datasource.init.ScriptUtils.executeSqlScript Executing SQL script from class path resource [jwp.sql]
30-Apr-2025 16:19:38.668 INFO [main] org.springframework.jdbc.datasource.init.ScriptUtils.executeSqlScript Executed SQL script from class path resource [jwp.sql] in 4 ms.
30-Apr-2025 16:19:38.689 INFO [main] org.apache.catalina.startup.HostConfig.deployDescriptor 배치 descriptor [/Users/leeseonghyeon/Documents/jwp-basic/conf/Catalina/localhost/ROOT.xml]의 배치가 [1,118] 밀리초 내에 완료되었습니다.
30-Apr-2025 16:19:38.690 INFO [main] org.apache.coyote.AbstractProtocol.start 프로토콜 핸들러 ["http-nio-8080"]을(를) 시작합니다.
30-Apr-2025 16:19:38.695 INFO [main] org.apache.catalina.startup.Catalina.start 서버가 [1157] 밀리초 내에 시작되었습니다.
30-Apr-2025 16:20:33.309 INFO [Thread-5] org.apache.coyote.AbstractProtocol.pause 프로토콜 핸들러 ["http-nio-8080"]을(를) 일시 정지 중
30-Apr-2025 16:20:33.311 INFO [Thread-5] org.apache.catalina.core.StandardService.stopInternal 서비스 [Catalina]을(를) 중지시킵니다.
30-Apr-2025 16:20:33.317 WARNING [Thread-5] org.apache.catalina.loader.WebappClassLoaderBase.clearReferencesJdbc 웹 애플리케이션 [ROOT]이(가) JDBC 드라이버 [org.h2.Driver]을(를) 등록했지만, 웹 애플리케이션이 중지될 때, 해당 JDBC 드라이버의 등록을 제거하지 못했습니다. 메모리 누수를 방지하기 위하여, 등록을 강제로 제거했습니다.
30-Apr-2025 16:20:33.320 INFO [Thread-5] org.apache.coyote.AbstractProtocol.stop 프로토콜 핸들러 ["http-nio-8080"]을(를) 중지시킵니다.
30-Apr-2025 16:20:33.322 INFO [Thread-5] org.apache.coyote.AbstractProtocol.destroy 프로토콜 핸들러 ["http-nio-8080"]을(를) 소멸시킵니다.
30-Apr-2025 16:20:37.373 INFO [main] org.apache.catalina.startup.VersionLoggerListener.log 서버 버전 이름:    Apache Tomcat/9.0.104
30-Apr-2025 16:20:37.375 INFO [main] org.apache.catalina.startup.VersionLoggerListener.log Server 빌드 시각:  Apr 4 2025 12:32:55 UTC
30-Apr-2025 16:20:37.375 INFO [main] org.apache.catalina.startup.VersionLoggerListener.log Server 버전 번호:  9.0.104.0
30-Apr-2025 16:20:37.376 INFO [main] org.apache.catalina.startup.VersionLoggerListener.log 운영체제 이름:     Mac OS X
30-Apr-2025 16:20:37.376 INFO [main] org.apache.catalina.startup.VersionLoggerListener.log 운영체제 버전:     13.4
30-Apr-2025 16:20:37.376 INFO [main] org.apache.catalina.startup.VersionLoggerListener.log 아키텍처:          aarch64
30-Apr-2025 16:20:37.376 INFO [main] org.apache.catalina.startup.VersionLoggerListener.log 자바 홈:           /Users/leeseonghyeon/Library/Java/JavaVirtualMachines/openjdk-18.0.2.1/Contents/Home
30-Apr-2025 16:20:37.376 INFO [main] org.apache.catalina.startup.VersionLoggerListener.log JVM 버전:          18.0.2.1+1-1
30-Apr-2025 16:20:37.376 INFO [main] org.apache.catalina.startup.VersionLoggerListener.log JVM 벤더:          Oracle Corporation
30-Apr-2025 16:20:37.376 INFO [main] org.apache.catalina.startup.VersionLoggerListener.log CATALINA_BASE:     /Users/leeseonghyeon/Documents/jwp-basic
30-Apr-2025 16:20:37.376 INFO [main] org.apache.catalina.startup.VersionLoggerListener.log CATALINA_HOME:     /Users/leeseonghyeon/Downloads/apache-tomcat-9.0.104
30-Apr-2025 16:20:37.383 INFO [main] org.apache.catalina.startup.VersionLoggerListener.log 명령 행 아규먼트:  --add-opens=java.base/java.lang=ALL-UNNAMED
30-Apr-2025 16:20:37.383 INFO [main] org.apache.catalina.startup.VersionLoggerListener.log 명령 행 아규먼트:  --add-opens=java.base/java.io=ALL-UNNAMED
30-Apr-2025 16:20:37.383 INFO [main] org.apache.catalina.startup.VersionLoggerListener.log 명령 행 아규먼트:  --add-opens=java.base/java.util=ALL-UNNAMED
30-Apr-2025 16:20:37.383 INFO [main] org.apache.catalina.startup.VersionLoggerListener.log 명령 행 아규먼트:  --add-opens=java.base/java.util.concurrent=ALL-UNNAMED
30-Apr-2025 16:20:37.383 INFO [main] org.apache.catalina.startup.VersionLoggerListener.log 명령 행 아규먼트:  --add-opens=java.rmi/sun.rmi.transport=ALL-UNNAMED
30-Apr-2025 16:20:37.383 INFO [main] org.apache.catalina.startup.VersionLoggerListener.log 명령 행 아규먼트:  -Dcatalina.home=/Users/leeseonghyeon/Downloads/apache-tomcat-9.0.104
30-Apr-2025 16:20:37.383 INFO [main] org.apache.catalina.startup.VersionLoggerListener.log 명령 행 아규먼트:  -Dcatalina.base=/Users/leeseonghyeon/Documents/jwp-basic
30-Apr-2025 16:20:37.383 INFO [main] org.apache.catalina.startup.VersionLoggerListener.log 명령 행 아규먼트:  -Djava.io.tmpdir=/Users/leeseonghyeon/Documents/jwp-basic/temp
30-Apr-2025 16:20:37.383 INFO [main] org.apache.catalina.startup.VersionLoggerListener.log 명령 행 아규먼트:  -Djava.util.logging.config.file=/Users/leeseonghyeon/Documents/jwp-basic/conf/logging.properties
30-Apr-2025 16:20:37.383 INFO [main] org.apache.catalina.startup.VersionLoggerListener.log 명령 행 아규먼트:  -Djava.util.logging.manager=org.apache.juli.ClassLoaderLogManager
30-Apr-2025 16:20:37.384 INFO [main] org.apache.catalina.startup.VersionLoggerListener.log 명령 행 아규먼트:  -javaagent:/Applications/IntelliJ IDEA CE.app/Contents/lib/idea_rt.jar=59577:/Applications/IntelliJ IDEA CE.app/Contents/bin
30-Apr-2025 16:20:37.384 INFO [main] org.apache.catalina.startup.VersionLoggerListener.log 명령 행 아규먼트:  -Dfile.encoding=UTF-8
30-Apr-2025 16:20:37.384 INFO [main] org.apache.catalina.startup.VersionLoggerListener.log 명령 행 아규먼트:  -Dsun.stdout.encoding=UTF-8
30-Apr-2025 16:20:37.384 INFO [main] org.apache.catalina.startup.VersionLoggerListener.log 명령 행 아규먼트:  -Dsun.stderr.encoding=UTF-8
30-Apr-2025 16:20:37.389 INFO [main] org.apache.catalina.core.AprLifecycleListener.lifecycleEvent 프로덕션 환경들에서 최적의 성능을 제공하는, APR 기반 Apache Tomcat Native 라이브러리가, 다음 java.library.path에서 발견되지 않습니다: [/Users/leeseonghyeon/Library/Java/Extensions:/Library/Java/Extensions:/Network/Library/Java/Extensions:/System/Library/Java/Extensions:/usr/lib/java:.]
30-Apr-2025 16:20:37.591 INFO [main] org.apache.coyote.AbstractProtocol.init 프로토콜 핸들러 ["http-nio-8080"]을(를) 초기화합니다.
30-Apr-2025 16:20:37.605 INFO [main] org.apache.catalina.startup.Catalina.load [363] 밀리초 내에 서버가 초기화되었습니다.
30-Apr-2025 16:20:37.638 INFO [main] org.apache.catalina.core.StandardService.startInternal 서비스 [Catalina]을(를) 시작합니다.
30-Apr-2025 16:20:37.638 INFO [main] org.apache.catalina.core.StandardEngine.startInternal 서버 엔진을 시작합니다: [Apache Tomcat/9.0.104]
30-Apr-2025 16:20:37.649 INFO [main] org.apache.catalina.startup.HostConfig.deployDescriptor 배치 descriptor [/Users/leeseonghyeon/Documents/jwp-basic/conf/Catalina/localhost/ROOT.xml]을(를) 배치합니다.
30-Apr-2025 16:20:38.290 INFO [main] org.apache.jasper.servlet.TldScanner.scanJars 적어도 하나의 JAR가 TLD들을 찾기 위해 스캔되었으나 아무 것도 찾지 못했습니다. 스캔했으나 TLD가 없는 JAR들의 전체 목록을 보시려면, 로그 레벨을 디버그 레벨로 설정하십시오. 스캔 과정에서 불필요한 JAR들을 건너뛰면, 시스템 시작 시간과 JSP 컴파일 시간을 단축시킬 수 있습니다.
30-Apr-2025 16:20:38.809 INFO [main] org.springframework.jdbc.datasource.init.ScriptUtils.executeSqlScript Executing SQL script from class path resource [jwp.sql]
30-Apr-2025 16:20:38.814 INFO [main] org.springframework.jdbc.datasource.init.ScriptUtils.executeSqlScript Executed SQL script from class path resource [jwp.sql] in 5 ms.
30-Apr-2025 16:20:38.838 INFO [main] org.apache.catalina.startup.HostConfig.deployDescriptor 배치 descriptor [/Users/leeseonghyeon/Documents/jwp-basic/conf/Catalina/localhost/ROOT.xml]의 배치가 [1,190] 밀리초 내에 완료되었습니다.
30-Apr-2025 16:20:38.840 INFO [main] org.apache.coyote.AbstractProtocol.start 프로토콜 핸들러 ["http-nio-8080"]을(를) 시작합니다.
30-Apr-2025 16:20:38.847 INFO [main] org.apache.catalina.startup.Catalina.start 서버가 [1240] 밀리초 내에 시작되었습니다.
30-Apr-2025 16:21:29.901 INFO [Thread-5] org.apache.coyote.AbstractProtocol.pause 프로토콜 핸들러 ["http-nio-8080"]을(를) 일시 정지 중
30-Apr-2025 16:21:29.903 INFO [Thread-5] org.apache.catalina.core.StandardService.stopInternal 서비스 [Catalina]을(를) 중지시킵니다.
30-Apr-2025 16:21:29.907 WARNING [Thread-5] org.apache.catalina.loader.WebappClassLoaderBase.clearReferencesJdbc 웹 애플리케이션 [ROOT]이(가) JDBC 드라이버 [org.h2.Driver]을(를) 등록했지만, 웹 애플리케이션이 중지될 때, 해당 JDBC 드라이버의 등록을 제거하지 못했습니다. 메모리 누수를 방지하기 위하여, 등록을 강제로 제거했습니다.
30-Apr-2025 16:21:29.910 INFO [Thread-5] org.apache.coyote.AbstractProtocol.stop 프로토콜 핸들러 ["http-nio-8080"]을(를) 중지시킵니다.
30-Apr-2025 16:21:29.913 INFO [Thread-5] org.apache.coyote.AbstractProtocol.destroy 프로토콜 핸들러 ["http-nio-8080"]을(를) 소멸시킵니다.
30-Apr-2025 16:21:33.239 INFO [main] org.apache.catalina.startup.VersionLoggerListener.log 서버 버전 이름:    Apache Tomcat/9.0.104
30-Apr-2025 16:21:33.243 INFO [main] org.apache.catalina.startup.VersionLoggerListener.log Server 빌드 시각:  Apr 4 2025 12:32:55 UTC
30-Apr-2025 16:21:33.243 INFO [main] org.apache.catalina.startup.VersionLoggerListener.log Server 버전 번호:  9.0.104.0
30-Apr-2025 16:21:33.243 INFO [main] org.apache.catalina.startup.VersionLoggerListener.log 운영체제 이름:     Mac OS X
30-Apr-2025 16:21:33.243 INFO [main] org.apache.catalina.startup.VersionLoggerListener.log 운영체제 버전:     13.4
30-Apr-2025 16:21:33.243 INFO [main] org.apache.catalina.startup.VersionLoggerListener.log 아키텍처:          aarch64
30-Apr-2025 16:21:33.244 INFO [main] org.apache.catalina.startup.VersionLoggerListener.log 자바 홈:           /Users/leeseonghyeon/Library/Java/JavaVirtualMachines/openjdk-18.0.2.1/Contents/Home
30-Apr-2025 16:21:33.244 INFO [main] org.apache.catalina.startup.VersionLoggerListener.log JVM 버전:          18.0.2.1+1-1
30-Apr-2025 16:21:33.244 INFO [main] org.apache.catalina.startup.VersionLoggerListener.log JVM 벤더:          Oracle Corporation
30-Apr-2025 16:21:33.244 INFO [main] org.apache.catalina.startup.VersionLoggerListener.log CATALINA_BASE:     /Users/leeseonghyeon/Documents/jwp-basic
30-Apr-2025 16:21:33.244 INFO [main] org.apache.catalina.startup.VersionLoggerListener.log CATALINA_HOME:     /Users/leeseonghyeon/Downloads/apache-tomcat-9.0.104
30-Apr-2025 16:21:33.249 INFO [main] org.apache.catalina.startup.VersionLoggerListener.log 명령 행 아규먼트:  --add-opens=java.base/java.lang=ALL-UNNAMED
30-Apr-2025 16:21:33.249 INFO [main] org.apache.catalina.startup.VersionLoggerListener.log 명령 행 아규먼트:  --add-opens=java.base/java.io=ALL-UNNAMED
30-Apr-2025 16:21:33.249 INFO [main] org.apache.catalina.startup.VersionLoggerListener.log 명령 행 아규먼트:  --add-opens=java.base/java.util=ALL-UNNAMED
30-Apr-2025 16:21:33.249 INFO [main] org.apache.catalina.startup.VersionLoggerListener.log 명령 행 아규먼트:  --add-opens=java.base/java.util.concurrent=ALL-UNNAMED
30-Apr-2025 16:21:33.249 INFO [main] org.apache.catalina.startup.VersionLoggerListener.log 명령 행 아규먼트:  --add-opens=java.rmi/sun.rmi.transport=ALL-UNNAMED
30-Apr-2025 16:21:33.250 INFO [main] org.apache.catalina.startup.VersionLoggerListener.log 명령 행 아규먼트:  -Dcatalina.home=/Users/leeseonghyeon/Downloads/apache-tomcat-9.0.104
30-Apr-2025 16:21:33.250 INFO [main] org.apache.catalina.startup.VersionLoggerListener.log 명령 행 아규먼트:  -Dcatalina.base=/Users/leeseonghyeon/Documents/jwp-basic
30-Apr-2025 16:21:33.250 INFO [main] org.apache.catalina.startup.VersionLoggerListener.log 명령 행 아규먼트:  -Djava.io.tmpdir=/Users/leeseonghyeon/Documents/jwp-basic/temp
30-Apr-2025 16:21:33.250 INFO [main] org.apache.catalina.startup.VersionLoggerListener.log 명령 행 아규먼트:  -Djava.util.logging.config.file=/Users/leeseonghyeon/Documents/jwp-basic/conf/logging.properties
30-Apr-2025 16:21:33.250 INFO [main] org.apache.catalina.startup.VersionLoggerListener.log 명령 행 아규먼트:  -Djava.util.logging.manager=org.apache.juli.ClassLoaderLogManager
30-Apr-2025 16:21:33.250 INFO [main] org.apache.catalina.startup.VersionLoggerListener.log 명령 행 아규먼트:  -javaagent:/Applications/IntelliJ IDEA CE.app/Contents/lib/idea_rt.jar=59590:/Applications/IntelliJ IDEA CE.app/Contents/bin
30-Apr-2025 16:21:33.250 INFO [main] org.apache.catalina.startup.VersionLoggerListener.log 명령 행 아규먼트:  -Dfile.encoding=UTF-8
30-Apr-2025 16:21:33.250 INFO [main] org.apache.catalina.startup.VersionLoggerListener.log 명령 행 아규먼트:  -Dsun.stdout.encoding=UTF-8
30-Apr-2025 16:21:33.250 INFO [main] org.apache.catalina.startup.VersionLoggerListener.log 명령 행 아규먼트:  -Dsun.stderr.encoding=UTF-8
30-Apr-2025 16:21:33.256 INFO [main] org.apache.catalina.core.AprLifecycleListener.lifecycleEvent 프로덕션 환경들에서 최적의 성능을 제공하는, APR 기반 Apache Tomcat Native 라이브러리가, 다음 java.library.path에서 발견되지 않습니다: [/Users/leeseonghyeon/Library/Java/Extensions:/Library/Java/Extensions:/Network/Library/Java/Extensions:/System/Library/Java/Extensions:/usr/lib/java:.]
30-Apr-2025 16:21:33.414 INFO [main] org.apache.coyote.AbstractProtocol.init 프로토콜 핸들러 ["http-nio-8080"]을(를) 초기화합니다.
30-Apr-2025 16:21:33.423 INFO [main] org.apache.catalina.startup.Catalina.load [301] 밀리초 내에 서버가 초기화되었습니다.
30-Apr-2025 16:21:33.442 INFO [main] org.apache.catalina.core.StandardService.startInternal 서비스 [Catalina]을(를) 시작합니다.
30-Apr-2025 16:21:33.442 INFO [main] org.apache.catalina.core.StandardEngine.startInternal 서버 엔진을 시작합니다: [Apache Tomcat/9.0.104]
30-Apr-2025 16:21:33.445 INFO [main] org.apache.catalina.startup.HostConfig.deployDescriptor 배치 descriptor [/Users/leeseonghyeon/Documents/jwp-basic/conf/Catalina/localhost/ROOT.xml]을(를) 배치합니다.
30-Apr-2025 16:21:34.096 INFO [main] org.apache.jasper.servlet.TldScanner.scanJars 적어도 하나의 JAR가 TLD들을 찾기 위해 스캔되었으나 아무 것도 찾지 못했습니다. 스캔했으나 TLD가 없는 JAR들의 전체 목록을 보시려면, 로그 레벨을 디버그 레벨로 설정하십시오. 스캔 과정에서 불필요한 JAR들을 건너뛰면, 시스템 시작 시간과 JSP 컴파일 시간을 단축시킬 수 있습니다.
30-Apr-2025 16:21:34.689 INFO [main] org.springframework.jdbc.datasource.init.ScriptUtils.executeSqlScript Executing SQL script from class path resource [jwp.sql]
30-Apr-2025 16:21:34.703 INFO [main] org.springframework.jdbc.datasource.init.ScriptUtils.executeSqlScript Executed SQL script from class path resource [jwp.sql] in 13 ms.
30-Apr-2025 16:21:34.731 INFO [main] org.apache.catalina.startup.HostConfig.deployDescriptor 배치 descriptor [/Users/leeseonghyeon/Documents/jwp-basic/conf/Catalina/localhost/ROOT.xml]의 배치가 [1,286] 밀리초 내에 완료되었습니다.
30-Apr-2025 16:21:34.734 INFO [main] org.apache.coyote.AbstractProtocol.start 프로토콜 핸들러 ["http-nio-8080"]을(를) 시작합니다.
30-Apr-2025 16:21:34.740 INFO [main] org.apache.catalina.startup.Catalina.start 서버가 [1316] 밀리초 내에 시작되었습니다.
30-Apr-2025 16:22:26.468 INFO [Thread-5] org.apache.coyote.AbstractProtocol.pause 프로토콜 핸들러 ["http-nio-8080"]을(를) 일시 정지 중
30-Apr-2025 16:22:26.471 INFO [Thread-5] org.apache.catalina.core.StandardService.stopInternal 서비스 [Catalina]을(를) 중지시킵니다.
30-Apr-2025 16:22:26.478 WARNING [Thread-5] org.apache.catalina.loader.WebappClassLoaderBase.clearReferencesJdbc 웹 애플리케이션 [ROOT]이(가) JDBC 드라이버 [org.h2.Driver]을(를) 등록했지만, 웹 애플리케이션이 중지될 때, 해당 JDBC 드라이버의 등록을 제거하지 못했습니다. 메모리 누수를 방지하기 위하여, 등록을 강제로 제거했습니다.
30-Apr-2025 16:22:26.481 INFO [Thread-5] org.apache.coyote.AbstractProtocol.stop 프로토콜 핸들러 ["http-nio-8080"]을(를) 중지시킵니다.
30-Apr-2025 16:22:26.484 INFO [Thread-5] org.apache.coyote.AbstractProtocol.destroy 프로토콜 핸들러 ["http-nio-8080"]을(를) 소멸시킵니다.
30-Apr-2025 16:22:29.651 INFO [main] org.apache.catalina.startup.VersionLoggerListener.log 서버 버전 이름:    Apache Tomcat/9.0.104
30-Apr-2025 16:22:29.655 INFO [main] org.apache.catalina.startup.VersionLoggerListener.log Server 빌드 시각:  Apr 4 2025 12:32:55 UTC
30-Apr-2025 16:22:29.655 INFO [main] org.apache.catalina.startup.VersionLoggerListener.log Server 버전 번호:  9.0.104.0
30-Apr-2025 16:22:29.655 INFO [main] org.apache.catalina.startup.VersionLoggerListener.log 운영체제 이름:     Mac OS X
30-Apr-2025 16:22:29.655 INFO [main] org.apache.catalina.startup.VersionLoggerListener.log 운영체제 버전:     13.4
30-Apr-2025 16:22:29.655 INFO [main] org.apache.catalina.startup.VersionLoggerListener.log 아키텍처:          aarch64
30-Apr-2025 16:22:29.655 INFO [main] org.apache.catalina.startup.VersionLoggerListener.log 자바 홈:           /Users/leeseonghyeon/Library/Java/JavaVirtualMachines/openjdk-18.0.2.1/Contents/Home
30-Apr-2025 16:22:29.655 INFO [main] org.apache.catalina.startup.VersionLoggerListener.log JVM 버전:          18.0.2.1+1-1
30-Apr-2025 16:22:29.655 INFO [main] org.apache.catalina.startup.VersionLoggerListener.log JVM 벤더:          Oracle Corporation
30-Apr-2025 16:22:29.655 INFO [main] org.apache.catalina.startup.VersionLoggerListener.log CATALINA_BASE:     /Users/leeseonghyeon/Documents/jwp-basic
30-Apr-2025 16:22:29.655 INFO [main] org.apache.catalina.startup.VersionLoggerListener.log CATALINA_HOME:     /Users/leeseonghyeon/Downloads/apache-tomcat-9.0.104
30-Apr-2025 16:22:29.660 INFO [main] org.apache.catalina.startup.VersionLoggerListener.log 명령 행 아규먼트:  --add-opens=java.base/java.lang=ALL-UNNAMED
30-Apr-2025 16:22:29.660 INFO [main] org.apache.catalina.startup.VersionLoggerListener.log 명령 행 아규먼트:  --add-opens=java.base/java.io=ALL-UNNAMED
30-Apr-2025 16:22:29.660 INFO [main] org.apache.catalina.startup.VersionLoggerListener.log 명령 행 아규먼트:  --add-opens=java.base/java.util=ALL-UNNAMED
30-Apr-2025 16:22:29.660 INFO [main] org.apache.catalina.startup.VersionLoggerListener.log 명령 행 아규먼트:  --add-opens=java.base/java.util.concurrent=ALL-UNNAMED
30-Apr-2025 16:22:29.660 INFO [main] org.apache.catalina.startup.VersionLoggerListener.log 명령 행 아규먼트:  --add-opens=java.rmi/sun.rmi.transport=ALL-UNNAMED
30-Apr-2025 16:22:29.660 INFO [main] org.apache.catalina.startup.VersionLoggerListener.log 명령 행 아규먼트:  -Dcatalina.home=/Users/leeseonghyeon/Downloads/apache-tomcat-9.0.104
30-Apr-2025 16:22:29.660 INFO [main] org.apache.catalina.startup.VersionLoggerListener.log 명령 행 아규먼트:  -Dcatalina.base=/Users/leeseonghyeon/Documents/jwp-basic
30-Apr-2025 16:22:29.660 INFO [main] org.apache.catalina.startup.VersionLoggerListener.log 명령 행 아규먼트:  -Djava.io.tmpdir=/Users/leeseonghyeon/Documents/jwp-basic/temp
30-Apr-2025 16:22:29.660 INFO [main] org.apache.catalina.startup.VersionLoggerListener.log 명령 행 아규먼트:  -Djava.util.logging.config.file=/Users/leeseonghyeon/Documents/jwp-basic/conf/logging.properties
30-Apr-2025 16:22:29.660 INFO [main] org.apache.catalina.startup.VersionLoggerListener.log 명령 행 아규먼트:  -Djava.util.logging.manager=org.apache.juli.ClassLoaderLogManager
30-Apr-2025 16:22:29.660 INFO [main] org.apache.catalina.startup.VersionLoggerListener.log 명령 행 아규먼트:  -javaagent:/Applications/IntelliJ IDEA CE.app/Contents/lib/idea_rt.jar=59602:/Applications/IntelliJ IDEA CE.app/Contents/bin
30-Apr-2025 16:22:29.660 INFO [main] org.apache.catalina.startup.VersionLoggerListener.log 명령 행 아규먼트:  -Dfile.encoding=UTF-8
30-Apr-2025 16:22:29.660 INFO [main] org.apache.catalina.startup.VersionLoggerListener.log 명령 행 아규먼트:  -Dsun.stdout.encoding=UTF-8
30-Apr-2025 16:22:29.661 INFO [main] org.apache.catalina.startup.VersionLoggerListener.log 명령 행 아규먼트:  -Dsun.stderr.encoding=UTF-8
30-Apr-2025 16:22:29.666 INFO [main] org.apache.catalina.core.AprLifecycleListener.lifecycleEvent 프로덕션 환경들에서 최적의 성능을 제공하는, APR 기반 Apache Tomcat Native 라이브러리가, 다음 java.library.path에서 발견되지 않습니다: [/Users/leeseonghyeon/Library/Java/Extensions:/Library/Java/Extensions:/Network/Library/Java/Extensions:/System/Library/Java/Extensions:/usr/lib/java:.]
30-Apr-2025 16:22:29.838 INFO [main] org.apache.coyote.AbstractProtocol.init 프로토콜 핸들러 ["http-nio-8080"]을(를) 초기화합니다.
30-Apr-2025 16:22:29.851 INFO [main] org.apache.catalina.startup.Catalina.load [309] 밀리초 내에 서버가 초기화되었습니다.
30-Apr-2025 16:22:29.886 INFO [main] org.apache.catalina.core.StandardService.startInternal 서비스 [Catalina]을(를) 시작합니다.
30-Apr-2025 16:22:29.886 INFO [main] org.apache.catalina.core.StandardEngine.startInternal 서버 엔진을 시작합니다: [Apache Tomcat/9.0.104]
30-Apr-2025 16:22:29.892 INFO [main] org.apache.catalina.startup.HostConfig.deployDescriptor 배치 descriptor [/Users/leeseonghyeon/Documents/jwp-basic/conf/Catalina/localhost/ROOT.xml]을(를) 배치합니다.
30-Apr-2025 16:22:30.568 INFO [main] org.apache.jasper.servlet.TldScanner.scanJars 적어도 하나의 JAR가 TLD들을 찾기 위해 스캔되었으나 아무 것도 찾지 못했습니다. 스캔했으나 TLD가 없는 JAR들의 전체 목록을 보시려면, 로그 레벨을 디버그 레벨로 설정하십시오. 스캔 과정에서 불필요한 JAR들을 건너뛰면, 시스템 시작 시간과 JSP 컴파일 시간을 단축시킬 수 있습니다.
30-Apr-2025 16:22:30.935 INFO [main] org.springframework.jdbc.datasource.init.ScriptUtils.executeSqlScript Executing SQL script from class path resource [jwp.sql]
30-Apr-2025 16:22:30.939 INFO [main] org.springframework.jdbc.datasource.init.ScriptUtils.executeSqlScript Executed SQL script from class path resource [jwp.sql] in 4 ms.
30-Apr-2025 16:22:30.959 INFO [main] org.apache.catalina.startup.HostConfig.deployDescriptor 배치 descriptor [/Users/leeseonghyeon/Documents/jwp-basic/conf/Catalina/localhost/ROOT.xml]의 배치가 [1,067] 밀리초 내에 완료되었습니다.
30-Apr-2025 16:22:30.960 INFO [main] org.apache.coyote.AbstractProtocol.start 프로토콜 핸들러 ["http-nio-8080"]을(를) 시작합니다.
30-Apr-2025 16:22:30.966 INFO [main] org.apache.catalina.startup.Catalina.start 서버가 [1113] 밀리초 내에 시작되었습니다.
30-Apr-2025 16:24:16.183 INFO [Thread-5] org.apache.coyote.AbstractProtocol.pause 프로토콜 핸들러 ["http-nio-8080"]을(를) 일시 정지 중
30-Apr-2025 16:24:16.186 INFO [Thread-5] org.apache.catalina.core.StandardService.stopInternal 서비스 [Catalina]을(를) 중지시킵니다.
30-Apr-2025 16:24:16.191 WARNING [Thread-5] org.apache.catalina.loader.WebappClassLoaderBase.clearReferencesJdbc 웹 애플리케이션 [ROOT]이(가) JDBC 드라이버 [org.h2.Driver]을(를) 등록했지만, 웹 애플리케이션이 중지될 때, 해당 JDBC 드라이버의 등록을 제거하지 못했습니다. 메모리 누수를 방지하기 위하여, 등록을 강제로 제거했습니다.
30-Apr-2025 16:24:16.193 INFO [Thread-5] org.apache.coyote.AbstractProtocol.stop 프로토콜 핸들러 ["http-nio-8080"]을(를) 중지시킵니다.
30-Apr-2025 16:24:16.196 INFO [Thread-5] org.apache.coyote.AbstractProtocol.destroy 프로토콜 핸들러 ["http-nio-8080"]을(를) 소멸시킵니다.
30-Apr-2025 16:24:26.125 INFO [main] org.apache.catalina.startup.VersionLoggerListener.log 서버 버전 이름:    Apache Tomcat/9.0.104
30-Apr-2025 16:24:26.127 INFO [main] org.apache.catalina.startup.VersionLoggerListener.log Server 빌드 시각:  Apr 4 2025 12:32:55 UTC
30-Apr-2025 16:24:26.127 INFO [main] org.apache.catalina.startup.VersionLoggerListener.log Server 버전 번호:  9.0.104.0
30-Apr-2025 16:24:26.127 INFO [main] org.apache.catalina.startup.VersionLoggerListener.log 운영체제 이름:     Mac OS X
30-Apr-2025 16:24:26.127 INFO [main] org.apache.catalina.startup.VersionLoggerListener.log 운영체제 버전:     13.4
30-Apr-2025 16:24:26.127 INFO [main] org.apache.catalina.startup.VersionLoggerListener.log 아키텍처:          aarch64
30-Apr-2025 16:24:26.127 INFO [main] org.apache.catalina.startup.VersionLoggerListener.log 자바 홈:           /Users/leeseonghyeon/Library/Java/JavaVirtualMachines/openjdk-18.0.2.1/Contents/Home
30-Apr-2025 16:24:26.128 INFO [main] org.apache.catalina.startup.VersionLoggerListener.log JVM 버전:          18.0.2.1+1-1
30-Apr-2025 16:24:26.128 INFO [main] org.apache.catalina.startup.VersionLoggerListener.log JVM 벤더:          Oracle Corporation
30-Apr-2025 16:24:26.128 INFO [main] org.apache.catalina.startup.VersionLoggerListener.log CATALINA_BASE:     /Users/leeseonghyeon/Documents/jwp-basic
30-Apr-2025 16:24:26.128 INFO [main] org.apache.catalina.startup.VersionLoggerListener.log CATALINA_HOME:     /Users/leeseonghyeon/Downloads/apache-tomcat-9.0.104
30-Apr-2025 16:24:26.132 INFO [main] org.apache.catalina.startup.VersionLoggerListener.log 명령 행 아규먼트:  --add-opens=java.base/java.lang=ALL-UNNAMED
30-Apr-2025 16:24:26.132 INFO [main] org.apache.catalina.startup.VersionLoggerListener.log 명령 행 아규먼트:  --add-opens=java.base/java.io=ALL-UNNAMED
30-Apr-2025 16:24:26.132 INFO [main] org.apache.catalina.startup.VersionLoggerListener.log 명령 행 아규먼트:  --add-opens=java.base/java.util=ALL-UNNAMED
30-Apr-2025 16:24:26.132 INFO [main] org.apache.catalina.startup.VersionLoggerListener.log 명령 행 아규먼트:  --add-opens=java.base/java.util.concurrent=ALL-UNNAMED
30-Apr-2025 16:24:26.132 INFO [main] org.apache.catalina.startup.VersionLoggerListener.log 명령 행 아규먼트:  --add-opens=java.rmi/sun.rmi.transport=ALL-UNNAMED
30-Apr-2025 16:24:26.133 INFO [main] org.apache.catalina.startup.VersionLoggerListener.log 명령 행 아규먼트:  -Dcatalina.home=/Users/leeseonghyeon/Downloads/apache-tomcat-9.0.104
30-Apr-2025 16:24:26.133 INFO [main] org.apache.catalina.startup.VersionLoggerListener.log 명령 행 아규먼트:  -Dcatalina.base=/Users/leeseonghyeon/Documents/jwp-basic
30-Apr-2025 16:24:26.133 INFO [main] org.apache.catalina.startup.VersionLoggerListener.log 명령 행 아규먼트:  -Djava.io.tmpdir=/Users/leeseonghyeon/Documents/jwp-basic/temp
30-Apr-2025 16:24:26.133 INFO [main] org.apache.catalina.startup.VersionLoggerListener.log 명령 행 아규먼트:  -Djava.util.logging.config.file=/Users/leeseonghyeon/Documents/jwp-basic/conf/logging.properties
30-Apr-2025 16:24:26.133 INFO [main] org.apache.catalina.startup.VersionLoggerListener.log 명령 행 아규먼트:  -Djava.util.logging.manager=org.apache.juli.ClassLoaderLogManager
30-Apr-2025 16:24:26.133 INFO [main] org.apache.catalina.startup.VersionLoggerListener.log 명령 행 아규먼트:  -javaagent:/Applications/IntelliJ IDEA CE.app/Contents/lib/idea_rt.jar=59619:/Applications/IntelliJ IDEA CE.app/Contents/bin
30-Apr-2025 16:24:26.133 INFO [main] org.apache.catalina.startup.VersionLoggerListener.log 명령 행 아규먼트:  -Dfile.encoding=UTF-8
30-Apr-2025 16:24:26.133 INFO [main] org.apache.catalina.startup.VersionLoggerListener.log 명령 행 아규먼트:  -Dsun.stdout.encoding=UTF-8
30-Apr-2025 16:24:26.133 INFO [main] org.apache.catalina.startup.VersionLoggerListener.log 명령 행 아규먼트:  -Dsun.stderr.encoding=UTF-8
30-Apr-2025 16:24:26.138 INFO [main] org.apache.catalina.core.AprLifecycleListener.lifecycleEvent 프로덕션 환경들에서 최적의 성능을 제공하는, APR 기반 Apache Tomcat Native 라이브러리가, 다음 java.library.path에서 발견되지 않습니다: [/Users/leeseonghyeon/Library/Java/Extensions:/Library/Java/Extensions:/Network/Library/Java/Extensions:/System/Library/Java/Extensions:/usr/lib/java:.]
30-Apr-2025 16:24:26.398 INFO [main] org.apache.coyote.AbstractProtocol.init 프로토콜 핸들러 ["http-nio-8080"]을(를) 초기화합니다.
30-Apr-2025 16:24:26.412 INFO [main] org.apache.catalina.startup.Catalina.load [395] 밀리초 내에 서버가 초기화되었습니다.
30-Apr-2025 16:24:26.435 INFO [main] org.apache.catalina.core.StandardService.startInternal 서비스 [Catalina]을(를) 시작합니다.
30-Apr-2025 16:24:26.435 INFO [main] org.apache.catalina.core.StandardEngine.startInternal 서버 엔진을 시작합니다: [Apache Tomcat/9.0.104]
30-Apr-2025 16:24:26.438 INFO [main] org.apache.catalina.startup.HostConfig.deployDescriptor 배치 descriptor [/Users/leeseonghyeon/Documents/jwp-basic/conf/Catalina/localhost/ROOT.xml]을(를) 배치합니다.
30-Apr-2025 16:24:27.175 INFO [main] org.apache.jasper.servlet.TldScanner.scanJars 적어도 하나의 JAR가 TLD들을 찾기 위해 스캔되었으나 아무 것도 찾지 못했습니다. 스캔했으나 TLD가 없는 JAR들의 전체 목록을 보시려면, 로그 레벨을 디버그 레벨로 설정하십시오. 스캔 과정에서 불필요한 JAR들을 건너뛰면, 시스템 시작 시간과 JSP 컴파일 시간을 단축시킬 수 있습니다.
30-Apr-2025 16:24:27.752 INFO [main] org.springframework.jdbc.datasource.init.ScriptUtils.executeSqlScript Executing SQL script from class path resource [jwp.sql]
30-Apr-2025 16:24:27.758 INFO [main] org.springframework.jdbc.datasource.init.ScriptUtils.executeSqlScript Executed SQL script from class path resource [jwp.sql] in 6 ms.
30-Apr-2025 16:24:27.807 INFO [main] org.apache.catalina.startup.HostConfig.deployDescriptor 배치 descriptor [/Users/leeseonghyeon/Documents/jwp-basic/conf/Catalina/localhost/ROOT.xml]의 배치가 [1,368] 밀리초 내에 완료되었습니다.
30-Apr-2025 16:24:27.810 INFO [main] org.apache.coyote.AbstractProtocol.start 프로토콜 핸들러 ["http-nio-8080"]을(를) 시작합니다.
30-Apr-2025 16:24:27.819 INFO [main] org.apache.catalina.startup.Catalina.start 서버가 [1405] 밀리초 내에 시작되었습니다.
30-Apr-2025 16:24:56.022 INFO [Thread-5] org.apache.coyote.AbstractProtocol.pause 프로토콜 핸들러 ["http-nio-8080"]을(를) 일시 정지 중
30-Apr-2025 16:24:56.023 INFO [Thread-5] org.apache.catalina.core.StandardService.stopInternal 서비스 [Catalina]을(를) 중지시킵니다.
30-Apr-2025 16:24:56.029 WARNING [Thread-5] org.apache.catalina.loader.WebappClassLoaderBase.clearReferencesJdbc 웹 애플리케이션 [ROOT]이(가) JDBC 드라이버 [org.h2.Driver]을(를) 등록했지만, 웹 애플리케이션이 중지될 때, 해당 JDBC 드라이버의 등록을 제거하지 못했습니다. 메모리 누수를 방지하기 위하여, 등록을 강제로 제거했습니다.
30-Apr-2025 16:24:56.032 INFO [Thread-5] org.apache.coyote.AbstractProtocol.stop 프로토콜 핸들러 ["http-nio-8080"]을(를) 중지시킵니다.
30-Apr-2025 16:24:56.033 INFO [Thread-5] org.apache.coyote.AbstractProtocol.destroy 프로토콜 핸들러 ["http-nio-8080"]을(를) 소멸시킵니다.
30-Apr-2025 16:25:00.390 INFO [main] org.apache.catalina.startup.VersionLoggerListener.log 서버 버전 이름:    Apache Tomcat/9.0.104
30-Apr-2025 16:25:00.392 INFO [main] org.apache.catalina.startup.VersionLoggerListener.log Server 빌드 시각:  Apr 4 2025 12:32:55 UTC
30-Apr-2025 16:25:00.392 INFO [main] org.apache.catalina.startup.VersionLoggerListener.log Server 버전 번호:  9.0.104.0
30-Apr-2025 16:25:00.392 INFO [main] org.apache.catalina.startup.VersionLoggerListener.log 운영체제 이름:     Mac OS X
30-Apr-2025 16:25:00.393 INFO [main] org.apache.catalina.startup.VersionLoggerListener.log 운영체제 버전:     13.4
30-Apr-2025 16:25:00.393 INFO [main] org.apache.catalina.startup.VersionLoggerListener.log 아키텍처:          aarch64
30-Apr-2025 16:25:00.393 INFO [main] org.apache.catalina.startup.VersionLoggerListener.log 자바 홈:           /Users/leeseonghyeon/Library/Java/JavaVirtualMachines/openjdk-18.0.2.1/Contents/Home
30-Apr-2025 16:25:00.393 INFO [main] org.apache.catalina.startup.VersionLoggerListener.log JVM 버전:          18.0.2.1+1-1
30-Apr-2025 16:25:00.393 INFO [main] org.apache.catalina.startup.VersionLoggerListener.log JVM 벤더:          Oracle Corporation
30-Apr-2025 16:25:00.393 INFO [main] org.apache.catalina.startup.VersionLoggerListener.log CATALINA_BASE:     /Users/leeseonghyeon/Documents/jwp-basic
30-Apr-2025 16:25:00.393 INFO [main] org.apache.catalina.startup.VersionLoggerListener.log CATALINA_HOME:     /Users/leeseonghyeon/Downloads/apache-tomcat-9.0.104
30-Apr-2025 16:25:00.397 INFO [main] org.apache.catalina.startup.VersionLoggerListener.log 명령 행 아규먼트:  --add-opens=java.base/java.lang=ALL-UNNAMED
30-Apr-2025 16:25:00.397 INFO [main] org.apache.catalina.startup.VersionLoggerListener.log 명령 행 아규먼트:  --add-opens=java.base/java.io=ALL-UNNAMED
30-Apr-2025 16:25:00.397 INFO [main] org.apache.catalina.startup.VersionLoggerListener.log 명령 행 아규먼트:  --add-opens=java.base/java.util=ALL-UNNAMED
30-Apr-2025 16:25:00.397 INFO [main] org.apache.catalina.startup.VersionLoggerListener.log 명령 행 아규먼트:  --add-opens=java.base/java.util.concurrent=ALL-UNNAMED
30-Apr-2025 16:25:00.398 INFO [main] org.apache.catalina.startup.VersionLoggerListener.log 명령 행 아규먼트:  --add-opens=java.rmi/sun.rmi.transport=ALL-UNNAMED
30-Apr-2025 16:25:00.398 INFO [main] org.apache.catalina.startup.VersionLoggerListener.log 명령 행 아규먼트:  -Dcatalina.home=/Users/leeseonghyeon/Downloads/apache-tomcat-9.0.104
30-Apr-2025 16:25:00.398 INFO [main] org.apache.catalina.startup.VersionLoggerListener.log 명령 행 아규먼트:  -Dcatalina.base=/Users/leeseonghyeon/Documents/jwp-basic
30-Apr-2025 16:25:00.398 INFO [main] org.apache.catalina.startup.VersionLoggerListener.log 명령 행 아규먼트:  -Djava.io.tmpdir=/Users/leeseonghyeon/Documents/jwp-basic/temp
30-Apr-2025 16:25:00.398 INFO [main] org.apache.catalina.startup.VersionLoggerListener.log 명령 행 아규먼트:  -Djava.util.logging.config.file=/Users/leeseonghyeon/Documents/jwp-basic/conf/logging.properties
30-Apr-2025 16:25:00.398 INFO [main] org.apache.catalina.startup.VersionLoggerListener.log 명령 행 아규먼트:  -Djava.util.logging.manager=org.apache.juli.ClassLoaderLogManager
30-Apr-2025 16:25:00.398 INFO [main] org.apache.catalina.startup.VersionLoggerListener.log 명령 행 아규먼트:  -javaagent:/Applications/IntelliJ IDEA CE.app/Contents/lib/idea_rt.jar=59632:/Applications/IntelliJ IDEA CE.app/Contents/bin
30-Apr-2025 16:25:00.398 INFO [main] org.apache.catalina.startup.VersionLoggerListener.log 명령 행 아규먼트:  -Dfile.encoding=UTF-8
30-Apr-2025 16:25:00.398 INFO [main] org.apache.catalina.startup.VersionLoggerListener.log 명령 행 아규먼트:  -Dsun.stdout.encoding=UTF-8
30-Apr-2025 16:25:00.398 INFO [main] org.apache.catalina.startup.VersionLoggerListener.log 명령 행 아규먼트:  -Dsun.stderr.encoding=UTF-8
30-Apr-2025 16:25:00.402 INFO [main] org.apache.catalina.core.AprLifecycleListener.lifecycleEvent 프로덕션 환경들에서 최적의 성능을 제공하는, APR 기반 Apache Tomcat Native 라이브러리가, 다음 java.library.path에서 발견되지 않습니다: [/Users/leeseonghyeon/Library/Java/Extensions:/Library/Java/Extensions:/Network/Library/Java/Extensions:/System/Library/Java/Extensions:/usr/lib/java:.]
30-Apr-2025 16:25:00.580 INFO [main] org.apache.coyote.AbstractProtocol.init 프로토콜 핸들러 ["http-nio-8080"]을(를) 초기화합니다.
30-Apr-2025 16:25:00.590 INFO [main] org.apache.catalina.startup.Catalina.load [300] 밀리초 내에 서버가 초기화되었습니다.
30-Apr-2025 16:25:00.617 INFO [main] org.apache.catalina.core.StandardService.startInternal 서비스 [Catalina]을(를) 시작합니다.
30-Apr-2025 16:25:00.617 INFO [main] org.apache.catalina.core.StandardEngine.startInternal 서버 엔진을 시작합니다: [Apache Tomcat/9.0.104]
30-Apr-2025 16:25:00.621 INFO [main] org.apache.catalina.startup.HostConfig.deployDescriptor 배치 descriptor [/Users/leeseonghyeon/Documents/jwp-basic/conf/Catalina/localhost/ROOT.xml]을(를) 배치합니다.
30-Apr-2025 16:25:01.285 INFO [main] org.apache.jasper.servlet.TldScanner.scanJars 적어도 하나의 JAR가 TLD들을 찾기 위해 스캔되었으나 아무 것도 찾지 못했습니다. 스캔했으나 TLD가 없는 JAR들의 전체 목록을 보시려면, 로그 레벨을 디버그 레벨로 설정하십시오. 스캔 과정에서 불필요한 JAR들을 건너뛰면, 시스템 시작 시간과 JSP 컴파일 시간을 단축시킬 수 있습니다.
30-Apr-2025 16:25:01.708 INFO [main] org.springframework.jdbc.datasource.init.ScriptUtils.executeSqlScript Executing SQL script from class path resource [jwp.sql]
30-Apr-2025 16:25:01.712 INFO [main] org.springframework.jdbc.datasource.init.ScriptUtils.executeSqlScript Executed SQL script from class path resource [jwp.sql] in 4 ms.
30-Apr-2025 16:25:01.734 INFO [main] org.apache.catalina.startup.HostConfig.deployDescriptor 배치 descriptor [/Users/leeseonghyeon/Documents/jwp-basic/conf/Catalina/localhost/ROOT.xml]의 배치가 [1,112] 밀리초 내에 완료되었습니다.
30-Apr-2025 16:25:01.735 INFO [main] org.apache.coyote.AbstractProtocol.start 프로토콜 핸들러 ["http-nio-8080"]을(를) 시작합니다.
30-Apr-2025 16:25:01.739 INFO [main] org.apache.catalina.startup.Catalina.start 서버가 [1148] 밀리초 내에 시작되었습니다.
30-Apr-2025 16:26:24.531 INFO [Thread-5] org.apache.coyote.AbstractProtocol.pause 프로토콜 핸들러 ["http-nio-8080"]을(를) 일시 정지 중
30-Apr-2025 16:26:24.533 INFO [Thread-5] org.apache.catalina.core.StandardService.stopInternal 서비스 [Catalina]을(를) 중지시킵니다.
30-Apr-2025 16:26:24.539 WARNING [Thread-5] org.apache.catalina.loader.WebappClassLoaderBase.clearReferencesJdbc 웹 애플리케이션 [ROOT]이(가) JDBC 드라이버 [org.h2.Driver]을(를) 등록했지만, 웹 애플리케이션이 중지될 때, 해당 JDBC 드라이버의 등록을 제거하지 못했습니다. 메모리 누수를 방지하기 위하여, 등록을 강제로 제거했습니다.
30-Apr-2025 16:26:24.543 INFO [Thread-5] org.apache.coyote.AbstractProtocol.stop 프로토콜 핸들러 ["http-nio-8080"]을(를) 중지시킵니다.
30-Apr-2025 16:26:24.546 INFO [Thread-5] org.apache.coyote.AbstractProtocol.destroy 프로토콜 핸들러 ["http-nio-8080"]을(를) 소멸시킵니다.
30-Apr-2025 16:26:27.834 INFO [main] org.apache.catalina.startup.VersionLoggerListener.log 서버 버전 이름:    Apache Tomcat/9.0.104
30-Apr-2025 16:26:27.839 INFO [main] org.apache.catalina.startup.VersionLoggerListener.log Server 빌드 시각:  Apr 4 2025 12:32:55 UTC
30-Apr-2025 16:26:27.839 INFO [main] org.apache.catalina.startup.VersionLoggerListener.log Server 버전 번호:  9.0.104.0
30-Apr-2025 16:26:27.839 INFO [main] org.apache.catalina.startup.VersionLoggerListener.log 운영체제 이름:     Mac OS X
30-Apr-2025 16:26:27.839 INFO [main] org.apache.catalina.startup.VersionLoggerListener.log 운영체제 버전:     13.4
30-Apr-2025 16:26:27.839 INFO [main] org.apache.catalina.startup.VersionLoggerListener.log 아키텍처:          aarch64
30-Apr-2025 16:26:27.839 INFO [main] org.apache.catalina.startup.VersionLoggerListener.log 자바 홈:           /Users/leeseonghyeon/Library/Java/JavaVirtualMachines/openjdk-18.0.2.1/Contents/Home
30-Apr-2025 16:26:27.840 INFO [main] org.apache.catalina.startup.VersionLoggerListener.log JVM 버전:          18.0.2.1+1-1
30-Apr-2025 16:26:27.840 INFO [main] org.apache.catalina.startup.VersionLoggerListener.log JVM 벤더:          Oracle Corporation
30-Apr-2025 16:26:27.840 INFO [main] org.apache.catalina.startup.VersionLoggerListener.log CATALINA_BASE:     /Users/leeseonghyeon/Documents/jwp-basic
30-Apr-2025 16:26:27.840 INFO [main] org.apache.catalina.startup.VersionLoggerListener.log CATALINA_HOME:     /Users/leeseonghyeon/Downloads/apache-tomcat-9.0.104
30-Apr-2025 16:26:27.847 INFO [main] org.apache.catalina.startup.VersionLoggerListener.log 명령 행 아규먼트:  --add-opens=java.base/java.lang=ALL-UNNAMED
30-Apr-2025 16:26:27.847 INFO [main] org.apache.catalina.startup.VersionLoggerListener.log 명령 행 아규먼트:  --add-opens=java.base/java.io=ALL-UNNAMED
30-Apr-2025 16:26:27.847 INFO [main] org.apache.catalina.startup.VersionLoggerListener.log 명령 행 아규먼트:  --add-opens=java.base/java.util=ALL-UNNAMED
30-Apr-2025 16:26:27.847 INFO [main] org.apache.catalina.startup.VersionLoggerListener.log 명령 행 아규먼트:  --add-opens=java.base/java.util.concurrent=ALL-UNNAMED
30-Apr-2025 16:26:27.847 INFO [main] org.apache.catalina.startup.VersionLoggerListener.log 명령 행 아규먼트:  --add-opens=java.rmi/sun.rmi.transport=ALL-UNNAMED
30-Apr-2025 16:26:27.847 INFO [main] org.apache.catalina.startup.VersionLoggerListener.log 명령 행 아규먼트:  -Dcatalina.home=/Users/leeseonghyeon/Downloads/apache-tomcat-9.0.104
30-Apr-2025 16:26:27.848 INFO [main] org.apache.catalina.startup.VersionLoggerListener.log 명령 행 아규먼트:  -Dcatalina.base=/Users/leeseonghyeon/Documents/jwp-basic
30-Apr-2025 16:26:27.848 INFO [main] org.apache.catalina.startup.VersionLoggerListener.log 명령 행 아규먼트:  -Djava.io.tmpdir=/Users/leeseonghyeon/Documents/jwp-basic/temp
30-Apr-2025 16:26:27.848 INFO [main] org.apache.catalina.startup.VersionLoggerListener.log 명령 행 아규먼트:  -Djava.util.logging.config.file=/Users/leeseonghyeon/Documents/jwp-basic/conf/logging.properties
30-Apr-2025 16:26:27.848 INFO [main] org.apache.catalina.startup.VersionLoggerListener.log 명령 행 아규먼트:  -Djava.util.logging.manager=org.apache.juli.ClassLoaderLogManager
30-Apr-2025 16:26:27.848 INFO [main] org.apache.catalina.startup.VersionLoggerListener.log 명령 행 아규먼트:  -javaagent:/Applications/IntelliJ IDEA CE.app/Contents/lib/idea_rt.jar=59648:/Applications/IntelliJ IDEA CE.app/Contents/bin
30-Apr-2025 16:26:27.848 INFO [main] org.apache.catalina.startup.VersionLoggerListener.log 명령 행 아규먼트:  -Dfile.encoding=UTF-8
30-Apr-2025 16:26:27.848 INFO [main] org.apache.catalina.startup.VersionLoggerListener.log 명령 행 아규먼트:  -Dsun.stdout.encoding=UTF-8
30-Apr-2025 16:26:27.848 INFO [main] org.apache.catalina.startup.VersionLoggerListener.log 명령 행 아규먼트:  -Dsun.stderr.encoding=UTF-8
30-Apr-2025 16:26:27.859 INFO [main] org.apache.catalina.core.AprLifecycleListener.lifecycleEvent 프로덕션 환경들에서 최적의 성능을 제공하는, APR 기반 Apache Tomcat Native 라이브러리가, 다음 java.library.path에서 발견되지 않습니다: [/Users/leeseonghyeon/Library/Java/Extensions:/Library/Java/Extensions:/Network/Library/Java/Extensions:/System/Library/Java/Extensions:/usr/lib/java:.]
30-Apr-2025 16:26:28.047 INFO [main] org.apache.coyote.AbstractProtocol.init 프로토콜 핸들러 ["http-nio-8080"]을(를) 초기화합니다.
30-Apr-2025 16:26:28.059 INFO [main] org.apache.catalina.startup.Catalina.load [387] 밀리초 내에 서버가 초기화되었습니다.
30-Apr-2025 16:26:28.084 INFO [main] org.apache.catalina.core.StandardService.startInternal 서비스 [Catalina]을(를) 시작합니다.
30-Apr-2025 16:26:28.084 INFO [main] org.apache.catalina.core.StandardEngine.startInternal 서버 엔진을 시작합니다: [Apache Tomcat/9.0.104]
30-Apr-2025 16:26:28.090 INFO [main] org.apache.catalina.startup.HostConfig.deployDescriptor 배치 descriptor [/Users/leeseonghyeon/Documents/jwp-basic/conf/Catalina/localhost/ROOT.xml]을(를) 배치합니다.
30-Apr-2025 16:26:28.817 INFO [main] org.apache.jasper.servlet.TldScanner.scanJars 적어도 하나의 JAR가 TLD들을 찾기 위해 스캔되었으나 아무 것도 찾지 못했습니다. 스캔했으나 TLD가 없는 JAR들의 전체 목록을 보시려면, 로그 레벨을 디버그 레벨로 설정하십시오. 스캔 과정에서 불필요한 JAR들을 건너뛰면, 시스템 시작 시간과 JSP 컴파일 시간을 단축시킬 수 있습니다.
30-Apr-2025 16:26:29.401 INFO [main] org.springframework.jdbc.datasource.init.ScriptUtils.executeSqlScript Executing SQL script from class path resource [jwp.sql]
30-Apr-2025 16:26:29.405 INFO [main] org.springframework.jdbc.datasource.init.ScriptUtils.executeSqlScript Executed SQL script from class path resource [jwp.sql] in 4 ms.
30-Apr-2025 16:26:29.432 INFO [main] org.apache.catalina.startup.HostConfig.deployDescriptor 배치 descriptor [/Users/leeseonghyeon/Documents/jwp-basic/conf/Catalina/localhost/ROOT.xml]의 배치가 [1,341] 밀리초 내에 완료되었습니다.
30-Apr-2025 16:26:29.436 INFO [main] org.apache.coyote.AbstractProtocol.start 프로토콜 핸들러 ["http-nio-8080"]을(를) 시작합니다.
30-Apr-2025 16:26:29.442 INFO [main] org.apache.catalina.startup.Catalina.start 서버가 [1382] 밀리초 내에 시작되었습니다.
30-Apr-2025 16:26:48.397 INFO [Thread-5] org.apache.coyote.AbstractProtocol.pause 프로토콜 핸들러 ["http-nio-8080"]을(를) 일시 정지 중
30-Apr-2025 16:26:48.399 INFO [Thread-5] org.apache.catalina.core.StandardService.stopInternal 서비스 [Catalina]을(를) 중지시킵니다.
30-Apr-2025 16:26:48.405 WARNING [Thread-5] org.apache.catalina.loader.WebappClassLoaderBase.clearReferencesJdbc 웹 애플리케이션 [ROOT]이(가) JDBC 드라이버 [org.h2.Driver]을(를) 등록했지만, 웹 애플리케이션이 중지될 때, 해당 JDBC 드라이버의 등록을 제거하지 못했습니다. 메모리 누수를 방지하기 위하여, 등록을 강제로 제거했습니다.
30-Apr-2025 16:26:48.408 INFO [Thread-5] org.apache.coyote.AbstractProtocol.stop 프로토콜 핸들러 ["http-nio-8080"]을(를) 중지시킵니다.
30-Apr-2025 16:26:48.410 INFO [Thread-5] org.apache.coyote.AbstractProtocol.destroy 프로토콜 핸들러 ["http-nio-8080"]을(를) 소멸시킵니다.
30-Apr-2025 16:26:53.357 INFO [main] org.apache.catalina.startup.VersionLoggerListener.log 서버 버전 이름:    Apache Tomcat/9.0.104
30-Apr-2025 16:26:53.361 INFO [main] org.apache.catalina.startup.VersionLoggerListener.log Server 빌드 시각:  Apr 4 2025 12:32:55 UTC
30-Apr-2025 16:26:53.362 INFO [main] org.apache.catalina.startup.VersionLoggerListener.log Server 버전 번호:  9.0.104.0
30-Apr-2025 16:26:53.362 INFO [main] org.apache.catalina.startup.VersionLoggerListener.log 운영체제 이름:     Mac OS X
30-Apr-2025 16:26:53.362 INFO [main] org.apache.catalina.startup.VersionLoggerListener.log 운영체제 버전:     13.4
30-Apr-2025 16:26:53.363 INFO [main] org.apache.catalina.startup.VersionLoggerListener.log 아키텍처:          aarch64
30-Apr-2025 16:26:53.363 INFO [main] org.apache.catalina.startup.VersionLoggerListener.log 자바 홈:           /Users/leeseonghyeon/Library/Java/JavaVirtualMachines/openjdk-18.0.2.1/Contents/Home
30-Apr-2025 16:26:53.363 INFO [main] org.apache.catalina.startup.VersionLoggerListener.log JVM 버전:          18.0.2.1+1-1
30-Apr-2025 16:26:53.363 INFO [main] org.apache.catalina.startup.VersionLoggerListener.log JVM 벤더:          Oracle Corporation
30-Apr-2025 16:26:53.363 INFO [main] org.apache.catalina.startup.VersionLoggerListener.log CATALINA_BASE:     /Users/leeseonghyeon/Documents/jwp-basic
30-Apr-2025 16:26:53.364 INFO [main] org.apache.catalina.startup.VersionLoggerListener.log CATALINA_HOME:     /Users/leeseonghyeon/Downloads/apache-tomcat-9.0.104
30-Apr-2025 16:26:53.370 INFO [main] org.apache.catalina.startup.VersionLoggerListener.log 명령 행 아규먼트:  --add-opens=java.base/java.lang=ALL-UNNAMED
30-Apr-2025 16:26:53.370 INFO [main] org.apache.catalina.startup.VersionLoggerListener.log 명령 행 아규먼트:  --add-opens=java.base/java.io=ALL-UNNAMED
30-Apr-2025 16:26:53.370 INFO [main] org.apache.catalina.startup.VersionLoggerListener.log 명령 행 아규먼트:  --add-opens=java.base/java.util=ALL-UNNAMED
30-Apr-2025 16:26:53.370 INFO [main] org.apache.catalina.startup.VersionLoggerListener.log 명령 행 아규먼트:  --add-opens=java.base/java.util.concurrent=ALL-UNNAMED
30-Apr-2025 16:26:53.371 INFO [main] org.apache.catalina.startup.VersionLoggerListener.log 명령 행 아규먼트:  --add-opens=java.rmi/sun.rmi.transport=ALL-UNNAMED
30-Apr-2025 16:26:53.371 INFO [main] org.apache.catalina.startup.VersionLoggerListener.log 명령 행 아규먼트:  -Dcatalina.home=/Users/leeseonghyeon/Downloads/apache-tomcat-9.0.104
30-Apr-2025 16:26:53.371 INFO [main] org.apache.catalina.startup.VersionLoggerListener.log 명령 행 아규먼트:  -Dcatalina.base=/Users/leeseonghyeon/Documents/jwp-basic
30-Apr-2025 16:26:53.372 INFO [main] org.apache.catalina.startup.VersionLoggerListener.log 명령 행 아규먼트:  -Djava.io.tmpdir=/Users/leeseonghyeon/Documents/jwp-basic/temp
30-Apr-2025 16:26:53.372 INFO [main] org.apache.catalina.startup.VersionLoggerListener.log 명령 행 아규먼트:  -Djava.util.logging.config.file=/Users/leeseonghyeon/Documents/jwp-basic/conf/logging.properties
30-Apr-2025 16:26:53.372 INFO [main] org.apache.catalina.startup.VersionLoggerListener.log 명령 행 아규먼트:  -Djava.util.logging.manager=org.apache.juli.ClassLoaderLogManager
30-Apr-2025 16:26:53.372 INFO [main] org.apache.catalina.startup.VersionLoggerListener.log 명령 행 아규먼트:  -javaagent:/Applications/IntelliJ IDEA CE.app/Contents/lib/idea_rt.jar=59659:/Applications/IntelliJ IDEA CE.app/Contents/bin
30-Apr-2025 16:26:53.372 INFO [main] org.apache.catalina.startup.VersionLoggerListener.log 명령 행 아규먼트:  -Dfile.encoding=UTF-8
30-Apr-2025 16:26:53.372 INFO [main] org.apache.catalina.startup.VersionLoggerListener.log 명령 행 아규먼트:  -Dsun.stdout.encoding=UTF-8
30-Apr-2025 16:26:53.372 INFO [main] org.apache.catalina.startup.VersionLoggerListener.log 명령 행 아규먼트:  -Dsun.stderr.encoding=UTF-8
30-Apr-2025 16:26:53.378 INFO [main] org.apache.catalina.core.AprLifecycleListener.lifecycleEvent 프로덕션 환경들에서 최적의 성능을 제공하는, APR 기반 Apache Tomcat Native 라이브러리가, 다음 java.library.path에서 발견되지 않습니다: [/Users/leeseonghyeon/Library/Java/Extensions:/Library/Java/Extensions:/Network/Library/Java/Extensions:/System/Library/Java/Extensions:/usr/lib/java:.]
30-Apr-2025 16:26:53.580 INFO [main] org.apache.coyote.AbstractProtocol.init 프로토콜 핸들러 ["http-nio-8080"]을(를) 초기화합니다.
30-Apr-2025 16:26:53.595 INFO [main] org.apache.catalina.startup.Catalina.load [343] 밀리초 내에 서버가 초기화되었습니다.
30-Apr-2025 16:26:53.620 INFO [main] org.apache.catalina.core.StandardService.startInternal 서비스 [Catalina]을(를) 시작합니다.
30-Apr-2025 16:26:53.620 INFO [main] org.apache.catalina.core.StandardEngine.startInternal 서버 엔진을 시작합니다: [Apache Tomcat/9.0.104]
30-Apr-2025 16:26:53.624 INFO [main] org.apache.catalina.startup.HostConfig.deployDescriptor 배치 descriptor [/Users/leeseonghyeon/Documents/jwp-basic/conf/Catalina/localhost/ROOT.xml]을(를) 배치합니다.
30-Apr-2025 16:26:54.287 INFO [main] org.apache.jasper.servlet.TldScanner.scanJars 적어도 하나의 JAR가 TLD들을 찾기 위해 스캔되었으나 아무 것도 찾지 못했습니다. 스캔했으나 TLD가 없는 JAR들의 전체 목록을 보시려면, 로그 레벨을 디버그 레벨로 설정하십시오. 스캔 과정에서 불필요한 JAR들을 건너뛰면, 시스템 시작 시간과 JSP 컴파일 시간을 단축시킬 수 있습니다.
30-Apr-2025 16:26:54.684 INFO [main] org.springframework.jdbc.datasource.init.ScriptUtils.executeSqlScript Executing SQL script from class path resource [jwp.sql]
30-Apr-2025 16:26:54.688 INFO [main] org.springframework.jdbc.datasource.init.ScriptUtils.executeSqlScript Executed SQL script from class path resource [jwp.sql] in 3 ms.
30-Apr-2025 16:26:54.708 INFO [main] org.apache.catalina.startup.HostConfig.deployDescriptor 배치 descriptor [/Users/leeseonghyeon/Documents/jwp-basic/conf/Catalina/localhost/ROOT.xml]의 배치가 [1,084] 밀리초 내에 완료되었습니다.
30-Apr-2025 16:26:54.709 INFO [main] org.apache.coyote.AbstractProtocol.start 프로토콜 핸들러 ["http-nio-8080"]을(를) 시작합니다.
30-Apr-2025 16:26:54.714 INFO [main] org.apache.catalina.startup.Catalina.start 서버가 [1118] 밀리초 내에 시작되었습니다.
30-Apr-2025 16:40:38.480 INFO [Thread-5] org.apache.coyote.AbstractProtocol.pause 프로토콜 핸들러 ["http-nio-8080"]을(를) 일시 정지 중
30-Apr-2025 16:40:38.482 INFO [Thread-5] org.apache.catalina.core.StandardService.stopInternal 서비스 [Catalina]을(를) 중지시킵니다.
30-Apr-2025 16:40:38.487 WARNING [Thread-5] org.apache.catalina.loader.WebappClassLoaderBase.clearReferencesJdbc 웹 애플리케이션 [ROOT]이(가) JDBC 드라이버 [org.h2.Driver]을(를) 등록했지만, 웹 애플리케이션이 중지될 때, 해당 JDBC 드라이버의 등록을 제거하지 못했습니다. 메모리 누수를 방지하기 위하여, 등록을 강제로 제거했습니다.
30-Apr-2025 16:40:38.491 INFO [Thread-5] org.apache.coyote.AbstractProtocol.stop 프로토콜 핸들러 ["http-nio-8080"]을(를) 중지시킵니다.
30-Apr-2025 16:40:38.493 INFO [Thread-5] org.apache.coyote.AbstractProtocol.destroy 프로토콜 핸들러 ["http-nio-8080"]을(를) 소멸시킵니다.
30-Apr-2025 16:40:42.597 INFO [main] org.apache.catalina.startup.VersionLoggerListener.log 서버 버전 이름:    Apache Tomcat/9.0.104
30-Apr-2025 16:40:42.601 INFO [main] org.apache.catalina.startup.VersionLoggerListener.log Server 빌드 시각:  Apr 4 2025 12:32:55 UTC
30-Apr-2025 16:40:42.603 INFO [main] org.apache.catalina.startup.VersionLoggerListener.log Server 버전 번호:  9.0.104.0
30-Apr-2025 16:40:42.603 INFO [main] org.apache.catalina.startup.VersionLoggerListener.log 운영체제 이름:     Mac OS X
30-Apr-2025 16:40:42.603 INFO [main] org.apache.catalina.startup.VersionLoggerListener.log 운영체제 버전:     13.4
30-Apr-2025 16:40:42.603 INFO [main] org.apache.catalina.startup.VersionLoggerListener.log 아키텍처:          aarch64
30-Apr-2025 16:40:42.603 INFO [main] org.apache.catalina.startup.VersionLoggerListener.log 자바 홈:           /Users/leeseonghyeon/Library/Java/JavaVirtualMachines/openjdk-18.0.2.1/Contents/Home
30-Apr-2025 16:40:42.603 INFO [main] org.apache.catalina.startup.VersionLoggerListener.log JVM 버전:          18.0.2.1+1-1
30-Apr-2025 16:40:42.604 INFO [main] org.apache.catalina.startup.VersionLoggerListener.log JVM 벤더:          Oracle Corporation
30-Apr-2025 16:40:42.604 INFO [main] org.apache.catalina.startup.VersionLoggerListener.log CATALINA_BASE:     /Users/leeseonghyeon/Documents/jwp-basic
30-Apr-2025 16:40:42.604 INFO [main] org.apache.catalina.startup.VersionLoggerListener.log CATALINA_HOME:     /Users/leeseonghyeon/Downloads/apache-tomcat-9.0.104
30-Apr-2025 16:40:42.614 INFO [main] org.apache.catalina.startup.VersionLoggerListener.log 명령 행 아규먼트:  --add-opens=java.base/java.lang=ALL-UNNAMED
30-Apr-2025 16:40:42.615 INFO [main] org.apache.catalina.startup.VersionLoggerListener.log 명령 행 아규먼트:  --add-opens=java.base/java.io=ALL-UNNAMED
30-Apr-2025 16:40:42.615 INFO [main] org.apache.catalina.startup.VersionLoggerListener.log 명령 행 아규먼트:  --add-opens=java.base/java.util=ALL-UNNAMED
30-Apr-2025 16:40:42.615 INFO [main] org.apache.catalina.startup.VersionLoggerListener.log 명령 행 아규먼트:  --add-opens=java.base/java.util.concurrent=ALL-UNNAMED
30-Apr-2025 16:40:42.615 INFO [main] org.apache.catalina.startup.VersionLoggerListener.log 명령 행 아규먼트:  --add-opens=java.rmi/sun.rmi.transport=ALL-UNNAMED
30-Apr-2025 16:40:42.615 INFO [main] org.apache.catalina.startup.VersionLoggerListener.log 명령 행 아규먼트:  -Dcatalina.home=/Users/leeseonghyeon/Downloads/apache-tomcat-9.0.104
30-Apr-2025 16:40:42.615 INFO [main] org.apache.catalina.startup.VersionLoggerListener.log 명령 행 아규먼트:  -Dcatalina.base=/Users/leeseonghyeon/Documents/jwp-basic
30-Apr-2025 16:40:42.616 INFO [main] org.apache.catalina.startup.VersionLoggerListener.log 명령 행 아규먼트:  -Djava.io.tmpdir=/Users/leeseonghyeon/Documents/jwp-basic/temp
30-Apr-2025 16:40:42.616 INFO [main] org.apache.catalina.startup.VersionLoggerListener.log 명령 행 아규먼트:  -Djava.util.logging.config.file=/Users/leeseonghyeon/Documents/jwp-basic/conf/logging.properties
30-Apr-2025 16:40:42.616 INFO [main] org.apache.catalina.startup.VersionLoggerListener.log 명령 행 아규먼트:  -Djava.util.logging.manager=org.apache.juli.ClassLoaderLogManager
30-Apr-2025 16:40:42.616 INFO [main] org.apache.catalina.startup.VersionLoggerListener.log 명령 행 아규먼트:  -javaagent:/Applications/IntelliJ IDEA CE.app/Contents/lib/idea_rt.jar=59712:/Applications/IntelliJ IDEA CE.app/Contents/bin
30-Apr-2025 16:40:42.616 INFO [main] org.apache.catalina.startup.VersionLoggerListener.log 명령 행 아규먼트:  -Dfile.encoding=UTF-8
30-Apr-2025 16:40:42.616 INFO [main] org.apache.catalina.startup.VersionLoggerListener.log 명령 행 아규먼트:  -Dsun.stdout.encoding=UTF-8
30-Apr-2025 16:40:42.617 INFO [main] org.apache.catalina.startup.VersionLoggerListener.log 명령 행 아규먼트:  -Dsun.stderr.encoding=UTF-8
30-Apr-2025 16:40:42.627 INFO [main] org.apache.catalina.core.AprLifecycleListener.lifecycleEvent 프로덕션 환경들에서 최적의 성능을 제공하는, APR 기반 Apache Tomcat Native 라이브러리가, 다음 java.library.path에서 발견되지 않습니다: [/Users/leeseonghyeon/Library/Java/Extensions:/Library/Java/Extensions:/Network/Library/Java/Extensions:/System/Library/Java/Extensions:/usr/lib/java:.]
30-Apr-2025 16:40:42.893 INFO [main] org.apache.coyote.AbstractProtocol.init 프로토콜 핸들러 ["http-nio-8080"]을(를) 초기화합니다.
30-Apr-2025 16:40:42.914 INFO [main] org.apache.catalina.startup.Catalina.load [435] 밀리초 내에 서버가 초기화되었습니다.
30-Apr-2025 16:40:42.954 INFO [main] org.apache.catalina.core.StandardService.startInternal 서비스 [Catalina]을(를) 시작합니다.
30-Apr-2025 16:40:42.954 INFO [main] org.apache.catalina.core.StandardEngine.startInternal 서버 엔진을 시작합니다: [Apache Tomcat/9.0.104]
30-Apr-2025 16:40:42.962 INFO [main] org.apache.catalina.startup.HostConfig.deployDescriptor 배치 descriptor [/Users/leeseonghyeon/Documents/jwp-basic/conf/Catalina/localhost/ROOT.xml]을(를) 배치합니다.
30-Apr-2025 16:40:43.668 INFO [main] org.apache.jasper.servlet.TldScanner.scanJars 적어도 하나의 JAR가 TLD들을 찾기 위해 스캔되었으나 아무 것도 찾지 못했습니다. 스캔했으나 TLD가 없는 JAR들의 전체 목록을 보시려면, 로그 레벨을 디버그 레벨로 설정하십시오. 스캔 과정에서 불필요한 JAR들을 건너뛰면, 시스템 시작 시간과 JSP 컴파일 시간을 단축시킬 수 있습니다.
30-Apr-2025 16:40:44.161 INFO [main] org.springframework.jdbc.datasource.init.ScriptUtils.executeSqlScript Executing SQL script from class path resource [jwp.sql]
30-Apr-2025 16:40:44.166 INFO [main] org.springframework.jdbc.datasource.init.ScriptUtils.executeSqlScript Executed SQL script from class path resource [jwp.sql] in 5 ms.
30-Apr-2025 16:40:44.187 INFO [main] org.apache.catalina.startup.HostConfig.deployDescriptor 배치 descriptor [/Users/leeseonghyeon/Documents/jwp-basic/conf/Catalina/localhost/ROOT.xml]의 배치가 [1,225] 밀리초 내에 완료되었습니다.
30-Apr-2025 16:40:44.189 INFO [main] org.apache.coyote.AbstractProtocol.start 프로토콜 핸들러 ["http-nio-8080"]을(를) 시작합니다.
30-Apr-2025 16:40:44.194 INFO [main] org.apache.catalina.startup.Catalina.start 서버가 [1278] 밀리초 내에 시작되었습니다.
30-Apr-2025 16:46:33.564 INFO [Thread-5] org.apache.coyote.AbstractProtocol.pause 프로토콜 핸들러 ["http-nio-8080"]을(를) 일시 정지 중
30-Apr-2025 16:46:33.566 INFO [Thread-5] org.apache.catalina.core.StandardService.stopInternal 서비스 [Catalina]을(를) 중지시킵니다.
30-Apr-2025 16:46:33.571 WARNING [Thread-5] org.apache.catalina.loader.WebappClassLoaderBase.clearReferencesJdbc 웹 애플리케이션 [ROOT]이(가) JDBC 드라이버 [org.h2.Driver]을(를) 등록했지만, 웹 애플리케이션이 중지될 때, 해당 JDBC 드라이버의 등록을 제거하지 못했습니다. 메모리 누수를 방지하기 위하여, 등록을 강제로 제거했습니다.
30-Apr-2025 16:46:33.573 INFO [Thread-5] org.apache.coyote.AbstractProtocol.stop 프로토콜 핸들러 ["http-nio-8080"]을(를) 중지시킵니다.
30-Apr-2025 16:46:33.576 INFO [Thread-5] org.apache.coyote.AbstractProtocol.destroy 프로토콜 핸들러 ["http-nio-8080"]을(를) 소멸시킵니다.
30-Apr-2025 16:46:37.635 INFO [main] org.apache.catalina.startup.VersionLoggerListener.log 서버 버전 이름:    Apache Tomcat/9.0.104
30-Apr-2025 16:46:37.639 INFO [main] org.apache.catalina.startup.VersionLoggerListener.log Server 빌드 시각:  Apr 4 2025 12:32:55 UTC
30-Apr-2025 16:46:37.639 INFO [main] org.apache.catalina.startup.VersionLoggerListener.log Server 버전 번호:  9.0.104.0
30-Apr-2025 16:46:37.639 INFO [main] org.apache.catalina.startup.VersionLoggerListener.log 운영체제 이름:     Mac OS X
30-Apr-2025 16:46:37.639 INFO [main] org.apache.catalina.startup.VersionLoggerListener.log 운영체제 버전:     13.4
30-Apr-2025 16:46:37.639 INFO [main] org.apache.catalina.startup.VersionLoggerListener.log 아키텍처:          aarch64
30-Apr-2025 16:46:37.639 INFO [main] org.apache.catalina.startup.VersionLoggerListener.log 자바 홈:           /Users/leeseonghyeon/Library/Java/JavaVirtualMachines/openjdk-18.0.2.1/Contents/Home
30-Apr-2025 16:46:37.639 INFO [main] org.apache.catalina.startup.VersionLoggerListener.log JVM 버전:          18.0.2.1+1-1
30-Apr-2025 16:46:37.639 INFO [main] org.apache.catalina.startup.VersionLoggerListener.log JVM 벤더:          Oracle Corporation
30-Apr-2025 16:46:37.639 INFO [main] org.apache.catalina.startup.VersionLoggerListener.log CATALINA_BASE:     /Users/leeseonghyeon/Documents/jwp-basic
30-Apr-2025 16:46:37.639 INFO [main] org.apache.catalina.startup.VersionLoggerListener.log CATALINA_HOME:     /Users/leeseonghyeon/Downloads/apache-tomcat-9.0.104
30-Apr-2025 16:46:37.643 INFO [main] org.apache.catalina.startup.VersionLoggerListener.log 명령 행 아규먼트:  --add-opens=java.base/java.lang=ALL-UNNAMED
30-Apr-2025 16:46:37.643 INFO [main] org.apache.catalina.startup.VersionLoggerListener.log 명령 행 아규먼트:  --add-opens=java.base/java.io=ALL-UNNAMED
30-Apr-2025 16:46:37.643 INFO [main] org.apache.catalina.startup.VersionLoggerListener.log 명령 행 아규먼트:  --add-opens=java.base/java.util=ALL-UNNAMED
30-Apr-2025 16:46:37.643 INFO [main] org.apache.catalina.startup.VersionLoggerListener.log 명령 행 아규먼트:  --add-opens=java.base/java.util.concurrent=ALL-UNNAMED
30-Apr-2025 16:46:37.643 INFO [main] org.apache.catalina.startup.VersionLoggerListener.log 명령 행 아규먼트:  --add-opens=java.rmi/sun.rmi.transport=ALL-UNNAMED
30-Apr-2025 16:46:37.643 INFO [main] org.apache.catalina.startup.VersionLoggerListener.log 명령 행 아규먼트:  -Dcatalina.home=/Users/leeseonghyeon/Downloads/apache-tomcat-9.0.104
30-Apr-2025 16:46:37.643 INFO [main] org.apache.catalina.startup.VersionLoggerListener.log 명령 행 아규먼트:  -Dcatalina.base=/Users/leeseonghyeon/Documents/jwp-basic
30-Apr-2025 16:46:37.643 INFO [main] org.apache.catalina.startup.VersionLoggerListener.log 명령 행 아규먼트:  -Djava.io.tmpdir=/Users/leeseonghyeon/Documents/jwp-basic/temp
30-Apr-2025 16:46:37.643 INFO [main] org.apache.catalina.startup.VersionLoggerListener.log 명령 행 아규먼트:  -Djava.util.logging.config.file=/Users/leeseonghyeon/Documents/jwp-basic/conf/logging.properties
30-Apr-2025 16:46:37.643 INFO [main] org.apache.catalina.startup.VersionLoggerListener.log 명령 행 아규먼트:  -Djava.util.logging.manager=org.apache.juli.ClassLoaderLogManager
30-Apr-2025 16:46:37.643 INFO [main] org.apache.catalina.startup.VersionLoggerListener.log 명령 행 아규먼트:  -javaagent:/Applications/IntelliJ IDEA CE.app/Contents/lib/idea_rt.jar=59739:/Applications/IntelliJ IDEA CE.app/Contents/bin
30-Apr-2025 16:46:37.644 INFO [main] org.apache.catalina.startup.VersionLoggerListener.log 명령 행 아규먼트:  -Dfile.encoding=UTF-8
30-Apr-2025 16:46:37.644 INFO [main] org.apache.catalina.startup.VersionLoggerListener.log 명령 행 아규먼트:  -Dsun.stdout.encoding=UTF-8
30-Apr-2025 16:46:37.644 INFO [main] org.apache.catalina.startup.VersionLoggerListener.log 명령 행 아규먼트:  -Dsun.stderr.encoding=UTF-8
30-Apr-2025 16:46:37.649 INFO [main] org.apache.catalina.core.AprLifecycleListener.lifecycleEvent 프로덕션 환경들에서 최적의 성능을 제공하는, APR 기반 Apache Tomcat Native 라이브러리가, 다음 java.library.path에서 발견되지 않습니다: [/Users/leeseonghyeon/Library/Java/Extensions:/Library/Java/Extensions:/Network/Library/Java/Extensions:/System/Library/Java/Extensions:/usr/lib/java:.]
30-Apr-2025 16:46:37.843 INFO [main] org.apache.coyote.AbstractProtocol.init 프로토콜 핸들러 ["http-nio-8080"]을(를) 초기화합니다.
30-Apr-2025 16:46:37.857 INFO [main] org.apache.catalina.startup.Catalina.load [322] 밀리초 내에 서버가 초기화되었습니다.
30-Apr-2025 16:46:37.877 INFO [main] org.apache.catalina.core.StandardService.startInternal 서비스 [Catalina]을(를) 시작합니다.
30-Apr-2025 16:46:37.877 INFO [main] org.apache.catalina.core.StandardEngine.startInternal 서버 엔진을 시작합니다: [Apache Tomcat/9.0.104]
30-Apr-2025 16:46:37.881 INFO [main] org.apache.catalina.startup.HostConfig.deployDescriptor 배치 descriptor [/Users/leeseonghyeon/Documents/jwp-basic/conf/Catalina/localhost/ROOT.xml]을(를) 배치합니다.
30-Apr-2025 16:46:38.565 INFO [main] org.apache.jasper.servlet.TldScanner.scanJars 적어도 하나의 JAR가 TLD들을 찾기 위해 스캔되었으나 아무 것도 찾지 못했습니다. 스캔했으나 TLD가 없는 JAR들의 전체 목록을 보시려면, 로그 레벨을 디버그 레벨로 설정하십시오. 스캔 과정에서 불필요한 JAR들을 건너뛰면, 시스템 시작 시간과 JSP 컴파일 시간을 단축시킬 수 있습니다.
30-Apr-2025 16:46:39.109 INFO [main] org.springframework.jdbc.datasource.init.ScriptUtils.executeSqlScript Executing SQL script from class path resource [jwp.sql]
30-Apr-2025 16:46:39.113 INFO [main] org.springframework.jdbc.datasource.init.ScriptUtils.executeSqlScript Executed SQL script from class path resource [jwp.sql] in 4 ms.
30-Apr-2025 16:46:39.136 INFO [main] org.apache.catalina.startup.HostConfig.deployDescriptor 배치 descriptor [/Users/leeseonghyeon/Documents/jwp-basic/conf/Catalina/localhost/ROOT.xml]의 배치가 [1,255] 밀리초 내에 완료되었습니다.
30-Apr-2025 16:46:39.138 INFO [main] org.apache.coyote.AbstractProtocol.start 프로토콜 핸들러 ["http-nio-8080"]을(를) 시작합니다.
30-Apr-2025 16:46:39.143 INFO [main] org.apache.catalina.startup.Catalina.start 서버가 [1285] 밀리초 내에 시작되었습니다.
30-Apr-2025 16:48:06.456 INFO [Thread-5] org.apache.coyote.AbstractProtocol.pause 프로토콜 핸들러 ["http-nio-8080"]을(를) 일시 정지 중
30-Apr-2025 16:48:06.458 INFO [Thread-5] org.apache.catalina.core.StandardService.stopInternal 서비스 [Catalina]을(를) 중지시킵니다.
30-Apr-2025 16:48:06.464 WARNING [Thread-5] org.apache.catalina.loader.WebappClassLoaderBase.clearReferencesJdbc 웹 애플리케이션 [ROOT]이(가) JDBC 드라이버 [org.h2.Driver]을(를) 등록했지만, 웹 애플리케이션이 중지될 때, 해당 JDBC 드라이버의 등록을 제거하지 못했습니다. 메모리 누수를 방지하기 위하여, 등록을 강제로 제거했습니다.
30-Apr-2025 16:48:06.468 INFO [Thread-5] org.apache.coyote.AbstractProtocol.stop 프로토콜 핸들러 ["http-nio-8080"]을(를) 중지시킵니다.
30-Apr-2025 16:48:06.470 INFO [Thread-5] org.apache.coyote.AbstractProtocol.destroy 프로토콜 핸들러 ["http-nio-8080"]을(를) 소멸시킵니다.
30-Apr-2025 16:48:10.547 INFO [main] org.apache.catalina.startup.VersionLoggerListener.log 서버 버전 이름:    Apache Tomcat/9.0.104
30-Apr-2025 16:48:10.557 INFO [main] org.apache.catalina.startup.VersionLoggerListener.log Server 빌드 시각:  Apr 4 2025 12:32:55 UTC
30-Apr-2025 16:48:10.560 INFO [main] org.apache.catalina.startup.VersionLoggerListener.log Server 버전 번호:  9.0.104.0
30-Apr-2025 16:48:10.560 INFO [main] org.apache.catalina.startup.VersionLoggerListener.log 운영체제 이름:     Mac OS X
30-Apr-2025 16:48:10.560 INFO [main] org.apache.catalina.startup.VersionLoggerListener.log 운영체제 버전:     13.4
30-Apr-2025 16:48:10.560 INFO [main] org.apache.catalina.startup.VersionLoggerListener.log 아키텍처:          aarch64
30-Apr-2025 16:48:10.561 INFO [main] org.apache.catalina.startup.VersionLoggerListener.log 자바 홈:           /Users/leeseonghyeon/Library/Java/JavaVirtualMachines/openjdk-18.0.2.1/Contents/Home
30-Apr-2025 16:48:10.561 INFO [main] org.apache.catalina.startup.VersionLoggerListener.log JVM 버전:          18.0.2.1+1-1
30-Apr-2025 16:48:10.561 INFO [main] org.apache.catalina.startup.VersionLoggerListener.log JVM 벤더:          Oracle Corporation
30-Apr-2025 16:48:10.561 INFO [main] org.apache.catalina.startup.VersionLoggerListener.log CATALINA_BASE:     /Users/leeseonghyeon/Documents/jwp-basic
30-Apr-2025 16:48:10.561 INFO [main] org.apache.catalina.startup.VersionLoggerListener.log CATALINA_HOME:     /Users/leeseonghyeon/Downloads/apache-tomcat-9.0.104
30-Apr-2025 16:48:10.565 INFO [main] org.apache.catalina.startup.VersionLoggerListener.log 명령 행 아규먼트:  --add-opens=java.base/java.lang=ALL-UNNAMED
30-Apr-2025 16:48:10.566 INFO [main] org.apache.catalina.startup.VersionLoggerListener.log 명령 행 아규먼트:  --add-opens=java.base/java.io=ALL-UNNAMED
30-Apr-2025 16:48:10.566 INFO [main] org.apache.catalina.startup.VersionLoggerListener.log 명령 행 아규먼트:  --add-opens=java.base/java.util=ALL-UNNAMED
30-Apr-2025 16:48:10.566 INFO [main] org.apache.catalina.startup.VersionLoggerListener.log 명령 행 아규먼트:  --add-opens=java.base/java.util.concurrent=ALL-UNNAMED
30-Apr-2025 16:48:10.566 INFO [main] org.apache.catalina.startup.VersionLoggerListener.log 명령 행 아규먼트:  --add-opens=java.rmi/sun.rmi.transport=ALL-UNNAMED
30-Apr-2025 16:48:10.566 INFO [main] org.apache.catalina.startup.VersionLoggerListener.log 명령 행 아규먼트:  -Dcatalina.home=/Users/leeseonghyeon/Downloads/apache-tomcat-9.0.104
30-Apr-2025 16:48:10.566 INFO [main] org.apache.catalina.startup.VersionLoggerListener.log 명령 행 아규먼트:  -Dcatalina.base=/Users/leeseonghyeon/Documents/jwp-basic
30-Apr-2025 16:48:10.566 INFO [main] org.apache.catalina.startup.VersionLoggerListener.log 명령 행 아규먼트:  -Djava.io.tmpdir=/Users/leeseonghyeon/Documents/jwp-basic/temp
30-Apr-2025 16:48:10.566 INFO [main] org.apache.catalina.startup.VersionLoggerListener.log 명령 행 아규먼트:  -Djava.util.logging.config.file=/Users/leeseonghyeon/Documents/jwp-basic/conf/logging.properties
30-Apr-2025 16:48:10.566 INFO [main] org.apache.catalina.startup.VersionLoggerListener.log 명령 행 아규먼트:  -Djava.util.logging.manager=org.apache.juli.ClassLoaderLogManager
30-Apr-2025 16:48:10.566 INFO [main] org.apache.catalina.startup.VersionLoggerListener.log 명령 행 아규먼트:  -javaagent:/Applications/IntelliJ IDEA CE.app/Contents/lib/idea_rt.jar=59753:/Applications/IntelliJ IDEA CE.app/Contents/bin
30-Apr-2025 16:48:10.566 INFO [main] org.apache.catalina.startup.VersionLoggerListener.log 명령 행 아규먼트:  -Dfile.encoding=UTF-8
30-Apr-2025 16:48:10.566 INFO [main] org.apache.catalina.startup.VersionLoggerListener.log 명령 행 아규먼트:  -Dsun.stdout.encoding=UTF-8
30-Apr-2025 16:48:10.566 INFO [main] org.apache.catalina.startup.VersionLoggerListener.log 명령 행 아규먼트:  -Dsun.stderr.encoding=UTF-8
30-Apr-2025 16:48:10.580 INFO [main] org.apache.catalina.core.AprLifecycleListener.lifecycleEvent 프로덕션 환경들에서 최적의 성능을 제공하는, APR 기반 Apache Tomcat Native 라이브러리가, 다음 java.library.path에서 발견되지 않습니다: [/Users/leeseonghyeon/Library/Java/Extensions:/Library/Java/Extensions:/Network/Library/Java/Extensions:/System/Library/Java/Extensions:/usr/lib/java:.]
30-Apr-2025 16:48:10.778 INFO [main] org.apache.coyote.AbstractProtocol.init 프로토콜 핸들러 ["http-nio-8080"]을(를) 초기화합니다.
30-Apr-2025 16:48:10.790 INFO [main] org.apache.catalina.startup.Catalina.load [369] 밀리초 내에 서버가 초기화되었습니다.
30-Apr-2025 16:48:10.816 INFO [main] org.apache.catalina.core.StandardService.startInternal 서비스 [Catalina]을(를) 시작합니다.
30-Apr-2025 16:48:10.816 INFO [main] org.apache.catalina.core.StandardEngine.startInternal 서버 엔진을 시작합니다: [Apache Tomcat/9.0.104]
30-Apr-2025 16:48:10.820 INFO [main] org.apache.catalina.startup.HostConfig.deployDescriptor 배치 descriptor [/Users/leeseonghyeon/Documents/jwp-basic/conf/Catalina/localhost/ROOT.xml]을(를) 배치합니다.
30-Apr-2025 16:48:11.712 INFO [main] org.apache.jasper.servlet.TldScanner.scanJars 적어도 하나의 JAR가 TLD들을 찾기 위해 스캔되었으나 아무 것도 찾지 못했습니다. 스캔했으나 TLD가 없는 JAR들의 전체 목록을 보시려면, 로그 레벨을 디버그 레벨로 설정하십시오. 스캔 과정에서 불필요한 JAR들을 건너뛰면, 시스템 시작 시간과 JSP 컴파일 시간을 단축시킬 수 있습니다.
30-Apr-2025 16:48:12.126 INFO [main] org.springframework.jdbc.datasource.init.ScriptUtils.executeSqlScript Executing SQL script from class path resource [jwp.sql]
30-Apr-2025 16:48:12.131 INFO [main] org.springframework.jdbc.datasource.init.ScriptUtils.executeSqlScript Executed SQL script from class path resource [jwp.sql] in 4 ms.
30-Apr-2025 16:48:12.168 INFO [main] org.apache.catalina.startup.HostConfig.deployDescriptor 배치 descriptor [/Users/leeseonghyeon/Documents/jwp-basic/conf/Catalina/localhost/ROOT.xml]의 배치가 [1,348] 밀리초 내에 완료되었습니다.
30-Apr-2025 16:48:12.171 INFO [main] org.apache.coyote.AbstractProtocol.start 프로토콜 핸들러 ["http-nio-8080"]을(를) 시작합니다.
30-Apr-2025 16:48:12.182 INFO [main] org.apache.catalina.startup.Catalina.start 서버가 [1389] 밀리초 내에 시작되었습니다.
30-Apr-2025 16:48:39.030 INFO [Thread-5] org.apache.coyote.AbstractProtocol.pause 프로토콜 핸들러 ["http-nio-8080"]을(를) 일시 정지 중
30-Apr-2025 16:48:39.032 INFO [Thread-5] org.apache.catalina.core.StandardService.stopInternal 서비스 [Catalina]을(를) 중지시킵니다.
30-Apr-2025 16:48:39.038 WARNING [Thread-5] org.apache.catalina.loader.WebappClassLoaderBase.clearReferencesJdbc 웹 애플리케이션 [ROOT]이(가) JDBC 드라이버 [org.h2.Driver]을(를) 등록했지만, 웹 애플리케이션이 중지될 때, 해당 JDBC 드라이버의 등록을 제거하지 못했습니다. 메모리 누수를 방지하기 위하여, 등록을 강제로 제거했습니다.
30-Apr-2025 16:48:39.040 INFO [Thread-5] org.apache.coyote.AbstractProtocol.stop 프로토콜 핸들러 ["http-nio-8080"]을(를) 중지시킵니다.
30-Apr-2025 16:48:39.042 INFO [Thread-5] org.apache.coyote.AbstractProtocol.destroy 프로토콜 핸들러 ["http-nio-8080"]을(를) 소멸시킵니다.
30-Apr-2025 16:48:42.761 INFO [main] org.apache.catalina.startup.VersionLoggerListener.log 서버 버전 이름:    Apache Tomcat/9.0.104
30-Apr-2025 16:48:42.762 INFO [main] org.apache.catalina.startup.VersionLoggerListener.log Server 빌드 시각:  Apr 4 2025 12:32:55 UTC
30-Apr-2025 16:48:42.763 INFO [main] org.apache.catalina.startup.VersionLoggerListener.log Server 버전 번호:  9.0.104.0
30-Apr-2025 16:48:42.763 INFO [main] org.apache.catalina.startup.VersionLoggerListener.log 운영체제 이름:     Mac OS X
30-Apr-2025 16:48:42.763 INFO [main] org.apache.catalina.startup.VersionLoggerListener.log 운영체제 버전:     13.4
30-Apr-2025 16:48:42.763 INFO [main] org.apache.catalina.startup.VersionLoggerListener.log 아키텍처:          aarch64
30-Apr-2025 16:48:42.763 INFO [main] org.apache.catalina.startup.VersionLoggerListener.log 자바 홈:           /Users/leeseonghyeon/Library/Java/JavaVirtualMachines/openjdk-18.0.2.1/Contents/Home
30-Apr-2025 16:48:42.763 INFO [main] org.apache.catalina.startup.VersionLoggerListener.log JVM 버전:          18.0.2.1+1-1
30-Apr-2025 16:48:42.763 INFO [main] org.apache.catalina.startup.VersionLoggerListener.log JVM 벤더:          Oracle Corporation
30-Apr-2025 16:48:42.763 INFO [main] org.apache.catalina.startup.VersionLoggerListener.log CATALINA_BASE:     /Users/leeseonghyeon/Documents/jwp-basic
30-Apr-2025 16:48:42.763 INFO [main] org.apache.catalina.startup.VersionLoggerListener.log CATALINA_HOME:     /Users/leeseonghyeon/Downloads/apache-tomcat-9.0.104
30-Apr-2025 16:48:42.767 INFO [main] org.apache.catalina.startup.VersionLoggerListener.log 명령 행 아규먼트:  --add-opens=java.base/java.lang=ALL-UNNAMED
30-Apr-2025 16:48:42.767 INFO [main] org.apache.catalina.startup.VersionLoggerListener.log 명령 행 아규먼트:  --add-opens=java.base/java.io=ALL-UNNAMED
30-Apr-2025 16:48:42.767 INFO [main] org.apache.catalina.startup.VersionLoggerListener.log 명령 행 아규먼트:  --add-opens=java.base/java.util=ALL-UNNAMED
30-Apr-2025 16:48:42.767 INFO [main] org.apache.catalina.startup.VersionLoggerListener.log 명령 행 아규먼트:  --add-opens=java.base/java.util.concurrent=ALL-UNNAMED
30-Apr-2025 16:48:42.767 INFO [main] org.apache.catalina.startup.VersionLoggerListener.log 명령 행 아규먼트:  --add-opens=java.rmi/sun.rmi.transport=ALL-UNNAMED
30-Apr-2025 16:48:42.767 INFO [main] org.apache.catalina.startup.VersionLoggerListener.log 명령 행 아규먼트:  -Dcatalina.home=/Users/leeseonghyeon/Downloads/apache-tomcat-9.0.104
30-Apr-2025 16:48:42.767 INFO [main] org.apache.catalina.startup.VersionLoggerListener.log 명령 행 아규먼트:  -Dcatalina.base=/Users/leeseonghyeon/Documents/jwp-basic
30-Apr-2025 16:48:42.767 INFO [main] org.apache.catalina.startup.VersionLoggerListener.log 명령 행 아규먼트:  -Djava.io.tmpdir=/Users/leeseonghyeon/Documents/jwp-basic/temp
30-Apr-2025 16:48:42.767 INFO [main] org.apache.catalina.startup.VersionLoggerListener.log 명령 행 아규먼트:  -Djava.util.logging.config.file=/Users/leeseonghyeon/Documents/jwp-basic/conf/logging.properties
30-Apr-2025 16:48:42.767 INFO [main] org.apache.catalina.startup.VersionLoggerListener.log 명령 행 아규먼트:  -Djava.util.logging.manager=org.apache.juli.ClassLoaderLogManager
30-Apr-2025 16:48:42.767 INFO [main] org.apache.catalina.startup.VersionLoggerListener.log 명령 행 아규먼트:  -javaagent:/Applications/IntelliJ IDEA CE.app/Contents/lib/idea_rt.jar=59765:/Applications/IntelliJ IDEA CE.app/Contents/bin
30-Apr-2025 16:48:42.768 INFO [main] org.apache.catalina.startup.VersionLoggerListener.log 명령 행 아규먼트:  -Dfile.encoding=UTF-8
30-Apr-2025 16:48:42.768 INFO [main] org.apache.catalina.startup.VersionLoggerListener.log 명령 행 아규먼트:  -Dsun.stdout.encoding=UTF-8
30-Apr-2025 16:48:42.768 INFO [main] org.apache.catalina.startup.VersionLoggerListener.log 명령 행 아규먼트:  -Dsun.stderr.encoding=UTF-8
30-Apr-2025 16:48:42.772 INFO [main] org.apache.catalina.core.AprLifecycleListener.lifecycleEvent 프로덕션 환경들에서 최적의 성능을 제공하는, APR 기반 Apache Tomcat Native 라이브러리가, 다음 java.library.path에서 발견되지 않습니다: [/Users/leeseonghyeon/Library/Java/Extensions:/Library/Java/Extensions:/Network/Library/Java/Extensions:/System/Library/Java/Extensions:/usr/lib/java:.]
30-Apr-2025 16:48:42.942 INFO [main] org.apache.coyote.AbstractProtocol.init 프로토콜 핸들러 ["http-nio-8080"]을(를) 초기화합니다.
30-Apr-2025 16:48:42.955 INFO [main] org.apache.catalina.startup.Catalina.load [307] 밀리초 내에 서버가 초기화되었습니다.
30-Apr-2025 16:48:42.976 INFO [main] org.apache.catalina.core.StandardService.startInternal 서비스 [Catalina]을(를) 시작합니다.
30-Apr-2025 16:48:42.977 INFO [main] org.apache.catalina.core.StandardEngine.startInternal 서버 엔진을 시작합니다: [Apache Tomcat/9.0.104]
30-Apr-2025 16:48:42.981 INFO [main] org.apache.catalina.startup.HostConfig.deployDescriptor 배치 descriptor [/Users/leeseonghyeon/Documents/jwp-basic/conf/Catalina/localhost/ROOT.xml]을(를) 배치합니다.
30-Apr-2025 16:48:43.679 INFO [main] org.apache.jasper.servlet.TldScanner.scanJars 적어도 하나의 JAR가 TLD들을 찾기 위해 스캔되었으나 아무 것도 찾지 못했습니다. 스캔했으나 TLD가 없는 JAR들의 전체 목록을 보시려면, 로그 레벨을 디버그 레벨로 설정하십시오. 스캔 과정에서 불필요한 JAR들을 건너뛰면, 시스템 시작 시간과 JSP 컴파일 시간을 단축시킬 수 있습니다.
30-Apr-2025 16:48:44.216 INFO [main] org.springframework.jdbc.datasource.init.ScriptUtils.executeSqlScript Executing SQL script from class path resource [jwp.sql]
30-Apr-2025 16:48:44.221 INFO [main] org.springframework.jdbc.datasource.init.ScriptUtils.executeSqlScript Executed SQL script from class path resource [jwp.sql] in 3 ms.
30-Apr-2025 16:48:44.244 INFO [main] org.apache.catalina.startup.HostConfig.deployDescriptor 배치 descriptor [/Users/leeseonghyeon/Documents/jwp-basic/conf/Catalina/localhost/ROOT.xml]의 배치가 [1,263] 밀리초 내에 완료되었습니다.
30-Apr-2025 16:48:44.247 INFO [main] org.apache.coyote.AbstractProtocol.start 프로토콜 핸들러 ["http-nio-8080"]을(를) 시작합니다.
30-Apr-2025 16:48:44.253 INFO [main] org.apache.catalina.startup.Catalina.start 서버가 [1296] 밀리초 내에 시작되었습니다.
30-Apr-2025 16:49:13.773 INFO [Thread-5] org.apache.coyote.AbstractProtocol.pause 프로토콜 핸들러 ["http-nio-8080"]을(를) 일시 정지 중
30-Apr-2025 16:49:13.774 INFO [Thread-5] org.apache.catalina.core.StandardService.stopInternal 서비스 [Catalina]을(를) 중지시킵니다.
30-Apr-2025 16:49:13.779 WARNING [Thread-5] org.apache.catalina.loader.WebappClassLoaderBase.clearReferencesJdbc 웹 애플리케이션 [ROOT]이(가) JDBC 드라이버 [org.h2.Driver]을(를) 등록했지만, 웹 애플리케이션이 중지될 때, 해당 JDBC 드라이버의 등록을 제거하지 못했습니다. 메모리 누수를 방지하기 위하여, 등록을 강제로 제거했습니다.
30-Apr-2025 16:49:13.781 INFO [Thread-5] org.apache.coyote.AbstractProtocol.stop 프로토콜 핸들러 ["http-nio-8080"]을(를) 중지시킵니다.
30-Apr-2025 16:49:13.783 INFO [Thread-5] org.apache.coyote.AbstractProtocol.destroy 프로토콜 핸들러 ["http-nio-8080"]을(를) 소멸시킵니다.
30-Apr-2025 16:49:17.995 INFO [main] org.apache.catalina.startup.VersionLoggerListener.log 서버 버전 이름:    Apache Tomcat/9.0.104
30-Apr-2025 16:49:17.997 INFO [main] org.apache.catalina.startup.VersionLoggerListener.log Server 빌드 시각:  Apr 4 2025 12:32:55 UTC
30-Apr-2025 16:49:17.997 INFO [main] org.apache.catalina.startup.VersionLoggerListener.log Server 버전 번호:  9.0.104.0
30-Apr-2025 16:49:17.998 INFO [main] org.apache.catalina.startup.VersionLoggerListener.log 운영체제 이름:     Mac OS X
30-Apr-2025 16:49:17.998 INFO [main] org.apache.catalina.startup.VersionLoggerListener.log 운영체제 버전:     13.4
30-Apr-2025 16:49:17.998 INFO [main] org.apache.catalina.startup.VersionLoggerListener.log 아키텍처:          aarch64
30-Apr-2025 16:49:17.998 INFO [main] org.apache.catalina.startup.VersionLoggerListener.log 자바 홈:           /Users/leeseonghyeon/Library/Java/JavaVirtualMachines/openjdk-18.0.2.1/Contents/Home
30-Apr-2025 16:49:17.998 INFO [main] org.apache.catalina.startup.VersionLoggerListener.log JVM 버전:          18.0.2.1+1-1
30-Apr-2025 16:49:17.998 INFO [main] org.apache.catalina.startup.VersionLoggerListener.log JVM 벤더:          Oracle Corporation
30-Apr-2025 16:49:17.998 INFO [main] org.apache.catalina.startup.VersionLoggerListener.log CATALINA_BASE:     /Users/leeseonghyeon/Documents/jwp-basic
30-Apr-2025 16:49:17.998 INFO [main] org.apache.catalina.startup.VersionLoggerListener.log CATALINA_HOME:     /Users/leeseonghyeon/Downloads/apache-tomcat-9.0.104
30-Apr-2025 16:49:18.007 INFO [main] org.apache.catalina.startup.VersionLoggerListener.log 명령 행 아규먼트:  --add-opens=java.base/java.lang=ALL-UNNAMED
30-Apr-2025 16:49:18.007 INFO [main] org.apache.catalina.startup.VersionLoggerListener.log 명령 행 아규먼트:  --add-opens=java.base/java.io=ALL-UNNAMED
30-Apr-2025 16:49:18.007 INFO [main] org.apache.catalina.startup.VersionLoggerListener.log 명령 행 아규먼트:  --add-opens=java.base/java.util=ALL-UNNAMED
30-Apr-2025 16:49:18.007 INFO [main] org.apache.catalina.startup.VersionLoggerListener.log 명령 행 아규먼트:  --add-opens=java.base/java.util.concurrent=ALL-UNNAMED
30-Apr-2025 16:49:18.008 INFO [main] org.apache.catalina.startup.VersionLoggerListener.log 명령 행 아규먼트:  --add-opens=java.rmi/sun.rmi.transport=ALL-UNNAMED
30-Apr-2025 16:49:18.008 INFO [main] org.apache.catalina.startup.VersionLoggerListener.log 명령 행 아규먼트:  -Dcatalina.home=/Users/leeseonghyeon/Downloads/apache-tomcat-9.0.104
30-Apr-2025 16:49:18.008 INFO [main] org.apache.catalina.startup.VersionLoggerListener.log 명령 행 아규먼트:  -Dcatalina.base=/Users/leeseonghyeon/Documents/jwp-basic
30-Apr-2025 16:49:18.008 INFO [main] org.apache.catalina.startup.VersionLoggerListener.log 명령 행 아규먼트:  -Djava.io.tmpdir=/Users/leeseonghyeon/Documents/jwp-basic/temp
30-Apr-2025 16:49:18.008 INFO [main] org.apache.catalina.startup.VersionLoggerListener.log 명령 행 아규먼트:  -Djava.util.logging.config.file=/Users/leeseonghyeon/Documents/jwp-basic/conf/logging.properties
30-Apr-2025 16:49:18.008 INFO [main] org.apache.catalina.startup.VersionLoggerListener.log 명령 행 아규먼트:  -Djava.util.logging.manager=org.apache.juli.ClassLoaderLogManager
30-Apr-2025 16:49:18.008 INFO [main] org.apache.catalina.startup.VersionLoggerListener.log 명령 행 아규먼트:  -javaagent:/Applications/IntelliJ IDEA CE.app/Contents/lib/idea_rt.jar=59781:/Applications/IntelliJ IDEA CE.app/Contents/bin
30-Apr-2025 16:49:18.008 INFO [main] org.apache.catalina.startup.VersionLoggerListener.log 명령 행 아규먼트:  -Dfile.encoding=UTF-8
30-Apr-2025 16:49:18.009 INFO [main] org.apache.catalina.startup.VersionLoggerListener.log 명령 행 아규먼트:  -Dsun.stdout.encoding=UTF-8
30-Apr-2025 16:49:18.009 INFO [main] org.apache.catalina.startup.VersionLoggerListener.log 명령 행 아규먼트:  -Dsun.stderr.encoding=UTF-8
30-Apr-2025 16:49:18.021 INFO [main] org.apache.catalina.core.AprLifecycleListener.lifecycleEvent 프로덕션 환경들에서 최적의 성능을 제공하는, APR 기반 Apache Tomcat Native 라이브러리가, 다음 java.library.path에서 발견되지 않습니다: [/Users/leeseonghyeon/Library/Java/Extensions:/Library/Java/Extensions:/Network/Library/Java/Extensions:/System/Library/Java/Extensions:/usr/lib/java:.]
30-Apr-2025 16:49:18.343 INFO [main] org.apache.coyote.AbstractProtocol.init 프로토콜 핸들러 ["http-nio-8080"]을(를) 초기화합니다.
30-Apr-2025 16:49:18.359 INFO [main] org.apache.catalina.startup.Catalina.load [472] 밀리초 내에 서버가 초기화되었습니다.
30-Apr-2025 16:49:18.391 INFO [main] org.apache.catalina.core.StandardService.startInternal 서비스 [Catalina]을(를) 시작합니다.
30-Apr-2025 16:49:18.391 INFO [main] org.apache.catalina.core.StandardEngine.startInternal 서버 엔진을 시작합니다: [Apache Tomcat/9.0.104]
30-Apr-2025 16:49:18.397 INFO [main] org.apache.catalina.startup.HostConfig.deployDescriptor 배치 descriptor [/Users/leeseonghyeon/Documents/jwp-basic/conf/Catalina/localhost/ROOT.xml]을(를) 배치합니다.
30-Apr-2025 16:49:19.077 INFO [main] org.apache.jasper.servlet.TldScanner.scanJars 적어도 하나의 JAR가 TLD들을 찾기 위해 스캔되었으나 아무 것도 찾지 못했습니다. 스캔했으나 TLD가 없는 JAR들의 전체 목록을 보시려면, 로그 레벨을 디버그 레벨로 설정하십시오. 스캔 과정에서 불필요한 JAR들을 건너뛰면, 시스템 시작 시간과 JSP 컴파일 시간을 단축시킬 수 있습니다.
30-Apr-2025 16:49:19.477 INFO [main] org.springframework.jdbc.datasource.init.ScriptUtils.executeSqlScript Executing SQL script from class path resource [jwp.sql]
30-Apr-2025 16:49:19.481 INFO [main] org.springframework.jdbc.datasource.init.ScriptUtils.executeSqlScript Executed SQL script from class path resource [jwp.sql] in 4 ms.
30-Apr-2025 16:49:19.506 INFO [main] org.apache.catalina.startup.HostConfig.deployDescriptor 배치 descriptor [/Users/leeseonghyeon/Documents/jwp-basic/conf/Catalina/localhost/ROOT.xml]의 배치가 [1,109] 밀리초 내에 완료되었습니다.
30-Apr-2025 16:49:19.507 INFO [main] org.apache.coyote.AbstractProtocol.start 프로토콜 핸들러 ["http-nio-8080"]을(를) 시작합니다.
30-Apr-2025 16:49:19.512 INFO [main] org.apache.catalina.startup.Catalina.start 서버가 [1151] 밀리초 내에 시작되었습니다.
30-Apr-2025 16:53:00.895 INFO [Thread-5] org.apache.coyote.AbstractProtocol.pause 프로토콜 핸들러 ["http-nio-8080"]을(를) 일시 정지 중
30-Apr-2025 16:53:00.898 INFO [Thread-5] org.apache.catalina.core.StandardService.stopInternal 서비스 [Catalina]을(를) 중지시킵니다.
30-Apr-2025 16:53:00.906 WARNING [Thread-5] org.apache.catalina.loader.WebappClassLoaderBase.clearReferencesJdbc 웹 애플리케이션 [ROOT]이(가) JDBC 드라이버 [org.h2.Driver]을(를) 등록했지만, 웹 애플리케이션이 중지될 때, 해당 JDBC 드라이버의 등록을 제거하지 못했습니다. 메모리 누수를 방지하기 위하여, 등록을 강제로 제거했습니다.
30-Apr-2025 16:53:00.910 INFO [Thread-5] org.apache.coyote.AbstractProtocol.stop 프로토콜 핸들러 ["http-nio-8080"]을(를) 중지시킵니다.
30-Apr-2025 16:53:00.923 INFO [Thread-5] org.apache.coyote.AbstractProtocol.destroy 프로토콜 핸들러 ["http-nio-8080"]을(를) 소멸시킵니다.
30-Apr-2025 16:53:09.451 INFO [main] org.apache.catalina.startup.VersionLoggerListener.log 서버 버전 이름:    Apache Tomcat/9.0.104
30-Apr-2025 16:53:09.455 INFO [main] org.apache.catalina.startup.VersionLoggerListener.log Server 빌드 시각:  Apr 4 2025 12:32:55 UTC
30-Apr-2025 16:53:09.455 INFO [main] org.apache.catalina.startup.VersionLoggerListener.log Server 버전 번호:  9.0.104.0
30-Apr-2025 16:53:09.456 INFO [main] org.apache.catalina.startup.VersionLoggerListener.log 운영체제 이름:     Mac OS X
30-Apr-2025 16:53:09.456 INFO [main] org.apache.catalina.startup.VersionLoggerListener.log 운영체제 버전:     13.4
30-Apr-2025 16:53:09.456 INFO [main] org.apache.catalina.startup.VersionLoggerListener.log 아키텍처:          aarch64
30-Apr-2025 16:53:09.456 INFO [main] org.apache.catalina.startup.VersionLoggerListener.log 자바 홈:           /Users/leeseonghyeon/Library/Java/JavaVirtualMachines/openjdk-18.0.2.1/Contents/Home
30-Apr-2025 16:53:09.456 INFO [main] org.apache.catalina.startup.VersionLoggerListener.log JVM 버전:          18.0.2.1+1-1
30-Apr-2025 16:53:09.456 INFO [main] org.apache.catalina.startup.VersionLoggerListener.log JVM 벤더:          Oracle Corporation
30-Apr-2025 16:53:09.456 INFO [main] org.apache.catalina.startup.VersionLoggerListener.log CATALINA_BASE:     /Users/leeseonghyeon/Documents/jwp-basic
30-Apr-2025 16:53:09.456 INFO [main] org.apache.catalina.startup.VersionLoggerListener.log CATALINA_HOME:     /Users/leeseonghyeon/Downloads/apache-tomcat-9.0.104
30-Apr-2025 16:53:09.462 INFO [main] org.apache.catalina.startup.VersionLoggerListener.log 명령 행 아규먼트:  --add-opens=java.base/java.lang=ALL-UNNAMED
30-Apr-2025 16:53:09.462 INFO [main] org.apache.catalina.startup.VersionLoggerListener.log 명령 행 아규먼트:  --add-opens=java.base/java.io=ALL-UNNAMED
30-Apr-2025 16:53:09.462 INFO [main] org.apache.catalina.startup.VersionLoggerListener.log 명령 행 아규먼트:  --add-opens=java.base/java.util=ALL-UNNAMED
30-Apr-2025 16:53:09.462 INFO [main] org.apache.catalina.startup.VersionLoggerListener.log 명령 행 아규먼트:  --add-opens=java.base/java.util.concurrent=ALL-UNNAMED
30-Apr-2025 16:53:09.462 INFO [main] org.apache.catalina.startup.VersionLoggerListener.log 명령 행 아규먼트:  --add-opens=java.rmi/sun.rmi.transport=ALL-UNNAMED
30-Apr-2025 16:53:09.463 INFO [main] org.apache.catalina.startup.VersionLoggerListener.log 명령 행 아규먼트:  -Dcatalina.home=/Users/leeseonghyeon/Downloads/apache-tomcat-9.0.104
30-Apr-2025 16:53:09.463 INFO [main] org.apache.catalina.startup.VersionLoggerListener.log 명령 행 아규먼트:  -Dcatalina.base=/Users/leeseonghyeon/Documents/jwp-basic
30-Apr-2025 16:53:09.463 INFO [main] org.apache.catalina.startup.VersionLoggerListener.log 명령 행 아규먼트:  -Djava.io.tmpdir=/Users/leeseonghyeon/Documents/jwp-basic/temp
30-Apr-2025 16:53:09.463 INFO [main] org.apache.catalina.startup.VersionLoggerListener.log 명령 행 아규먼트:  -Djava.util.logging.config.file=/Users/leeseonghyeon/Documents/jwp-basic/conf/logging.properties
30-Apr-2025 16:53:09.463 INFO [main] org.apache.catalina.startup.VersionLoggerListener.log 명령 행 아규먼트:  -Djava.util.logging.manager=org.apache.juli.ClassLoaderLogManager
30-Apr-2025 16:53:09.463 INFO [main] org.apache.catalina.startup.VersionLoggerListener.log 명령 행 아규먼트:  -javaagent:/Applications/IntelliJ IDEA CE.app/Contents/lib/idea_rt.jar=59811:/Applications/IntelliJ IDEA CE.app/Contents/bin
30-Apr-2025 16:53:09.463 INFO [main] org.apache.catalina.startup.VersionLoggerListener.log 명령 행 아규먼트:  -Dfile.encoding=UTF-8
30-Apr-2025 16:53:09.463 INFO [main] org.apache.catalina.startup.VersionLoggerListener.log 명령 행 아규먼트:  -Dsun.stdout.encoding=UTF-8
30-Apr-2025 16:53:09.463 INFO [main] org.apache.catalina.startup.VersionLoggerListener.log 명령 행 아규먼트:  -Dsun.stderr.encoding=UTF-8
30-Apr-2025 16:53:09.475 INFO [main] org.apache.catalina.core.AprLifecycleListener.lifecycleEvent 프로덕션 환경들에서 최적의 성능을 제공하는, APR 기반 Apache Tomcat Native 라이브러리가, 다음 java.library.path에서 발견되지 않습니다: [/Users/leeseonghyeon/Library/Java/Extensions:/Library/Java/Extensions:/Network/Library/Java/Extensions:/System/Library/Java/Extensions:/usr/lib/java:.]
30-Apr-2025 16:53:09.729 INFO [main] org.apache.coyote.AbstractProtocol.init 프로토콜 핸들러 ["http-nio-8080"]을(를) 초기화합니다.
30-Apr-2025 16:53:09.740 INFO [main] org.apache.catalina.startup.Catalina.load [471] 밀리초 내에 서버가 초기화되었습니다.
30-Apr-2025 16:53:09.761 INFO [main] org.apache.catalina.core.StandardService.startInternal 서비스 [Catalina]을(를) 시작합니다.
30-Apr-2025 16:53:09.761 INFO [main] org.apache.catalina.core.StandardEngine.startInternal 서버 엔진을 시작합니다: [Apache Tomcat/9.0.104]
30-Apr-2025 16:53:09.767 INFO [main] org.apache.catalina.startup.HostConfig.deployDescriptor 배치 descriptor [/Users/leeseonghyeon/Documents/jwp-basic/conf/Catalina/localhost/ROOT.xml]을(를) 배치합니다.
30-Apr-2025 16:53:10.831 INFO [main] org.apache.jasper.servlet.TldScanner.scanJars 적어도 하나의 JAR가 TLD들을 찾기 위해 스캔되었으나 아무 것도 찾지 못했습니다. 스캔했으나 TLD가 없는 JAR들의 전체 목록을 보시려면, 로그 레벨을 디버그 레벨로 설정하십시오. 스캔 과정에서 불필요한 JAR들을 건너뛰면, 시스템 시작 시간과 JSP 컴파일 시간을 단축시킬 수 있습니다.
30-Apr-2025 16:53:11.293 INFO [main] org.springframework.jdbc.datasource.init.ScriptUtils.executeSqlScript Executing SQL script from class path resource [jwp.sql]
30-Apr-2025 16:53:11.298 INFO [main] org.springframework.jdbc.datasource.init.ScriptUtils.executeSqlScript Executed SQL script from class path resource [jwp.sql] in 3 ms.
30-Apr-2025 16:53:11.325 INFO [main] org.apache.catalina.startup.HostConfig.deployDescriptor 배치 descriptor [/Users/leeseonghyeon/Documents/jwp-basic/conf/Catalina/localhost/ROOT.xml]의 배치가 [1,558] 밀리초 내에 완료되었습니다.
30-Apr-2025 16:53:11.327 INFO [main] org.apache.coyote.AbstractProtocol.start 프로토콜 핸들러 ["http-nio-8080"]을(를) 시작합니다.
30-Apr-2025 16:53:11.334 INFO [main] org.apache.catalina.startup.Catalina.start 서버가 [1593] 밀리초 내에 시작되었습니다.
30-Apr-2025 16:54:04.048 INFO [Thread-5] org.apache.coyote.AbstractProtocol.pause 프로토콜 핸들러 ["http-nio-8080"]을(를) 일시 정지 중
30-Apr-2025 16:54:04.051 INFO [Thread-5] org.apache.catalina.core.StandardService.stopInternal 서비스 [Catalina]을(를) 중지시킵니다.
30-Apr-2025 16:54:04.056 WARNING [Thread-5] org.apache.catalina.loader.WebappClassLoaderBase.clearReferencesJdbc 웹 애플리케이션 [ROOT]이(가) JDBC 드라이버 [org.h2.Driver]을(를) 등록했지만, 웹 애플리케이션이 중지될 때, 해당 JDBC 드라이버의 등록을 제거하지 못했습니다. 메모리 누수를 방지하기 위하여, 등록을 강제로 제거했습니다.
30-Apr-2025 16:54:04.058 INFO [Thread-5] org.apache.coyote.AbstractProtocol.stop 프로토콜 핸들러 ["http-nio-8080"]을(를) 중지시킵니다.
30-Apr-2025 16:54:04.060 INFO [Thread-5] org.apache.coyote.AbstractProtocol.destroy 프로토콜 핸들러 ["http-nio-8080"]을(를) 소멸시킵니다.
30-Apr-2025 16:54:07.428 INFO [main] org.apache.catalina.startup.VersionLoggerListener.log 서버 버전 이름:    Apache Tomcat/9.0.104
30-Apr-2025 16:54:07.432 INFO [main] org.apache.catalina.startup.VersionLoggerListener.log Server 빌드 시각:  Apr 4 2025 12:32:55 UTC
30-Apr-2025 16:54:07.433 INFO [main] org.apache.catalina.startup.VersionLoggerListener.log Server 버전 번호:  9.0.104.0
30-Apr-2025 16:54:07.433 INFO [main] org.apache.catalina.startup.VersionLoggerListener.log 운영체제 이름:     Mac OS X
30-Apr-2025 16:54:07.434 INFO [main] org.apache.catalina.startup.VersionLoggerListener.log 운영체제 버전:     13.4
30-Apr-2025 16:54:07.434 INFO [main] org.apache.catalina.startup.VersionLoggerListener.log 아키텍처:          aarch64
30-Apr-2025 16:54:07.434 INFO [main] org.apache.catalina.startup.VersionLoggerListener.log 자바 홈:           /Users/leeseonghyeon/Library/Java/JavaVirtualMachines/openjdk-18.0.2.1/Contents/Home
30-Apr-2025 16:54:07.434 INFO [main] org.apache.catalina.startup.VersionLoggerListener.log JVM 버전:          18.0.2.1+1-1
30-Apr-2025 16:54:07.434 INFO [main] org.apache.catalina.startup.VersionLoggerListener.log JVM 벤더:          Oracle Corporation
30-Apr-2025 16:54:07.434 INFO [main] org.apache.catalina.startup.VersionLoggerListener.log CATALINA_BASE:     /Users/leeseonghyeon/Documents/jwp-basic
30-Apr-2025 16:54:07.435 INFO [main] org.apache.catalina.startup.VersionLoggerListener.log CATALINA_HOME:     /Users/leeseonghyeon/Downloads/apache-tomcat-9.0.104
30-Apr-2025 16:54:07.444 INFO [main] org.apache.catalina.startup.VersionLoggerListener.log 명령 행 아규먼트:  --add-opens=java.base/java.lang=ALL-UNNAMED
30-Apr-2025 16:54:07.444 INFO [main] org.apache.catalina.startup.VersionLoggerListener.log 명령 행 아규먼트:  --add-opens=java.base/java.io=ALL-UNNAMED
30-Apr-2025 16:54:07.444 INFO [main] org.apache.catalina.startup.VersionLoggerListener.log 명령 행 아규먼트:  --add-opens=java.base/java.util=ALL-UNNAMED
30-Apr-2025 16:54:07.444 INFO [main] org.apache.catalina.startup.VersionLoggerListener.log 명령 행 아규먼트:  --add-opens=java.base/java.util.concurrent=ALL-UNNAMED
30-Apr-2025 16:54:07.444 INFO [main] org.apache.catalina.startup.VersionLoggerListener.log 명령 행 아규먼트:  --add-opens=java.rmi/sun.rmi.transport=ALL-UNNAMED
30-Apr-2025 16:54:07.444 INFO [main] org.apache.catalina.startup.VersionLoggerListener.log 명령 행 아규먼트:  -Dcatalina.home=/Users/leeseonghyeon/Downloads/apache-tomcat-9.0.104
30-Apr-2025 16:54:07.444 INFO [main] org.apache.catalina.startup.VersionLoggerListener.log 명령 행 아규먼트:  -Dcatalina.base=/Users/leeseonghyeon/Documents/jwp-basic
30-Apr-2025 16:54:07.444 INFO [main] org.apache.catalina.startup.VersionLoggerListener.log 명령 행 아규먼트:  -Djava.io.tmpdir=/Users/leeseonghyeon/Documents/jwp-basic/temp
30-Apr-2025 16:54:07.444 INFO [main] org.apache.catalina.startup.VersionLoggerListener.log 명령 행 아규먼트:  -Djava.util.logging.config.file=/Users/leeseonghyeon/Documents/jwp-basic/conf/logging.properties
30-Apr-2025 16:54:07.445 INFO [main] org.apache.catalina.startup.VersionLoggerListener.log 명령 행 아규먼트:  -Djava.util.logging.manager=org.apache.juli.ClassLoaderLogManager
30-Apr-2025 16:54:07.445 INFO [main] org.apache.catalina.startup.VersionLoggerListener.log 명령 행 아규먼트:  -javaagent:/Applications/IntelliJ IDEA CE.app/Contents/lib/idea_rt.jar=59821:/Applications/IntelliJ IDEA CE.app/Contents/bin
30-Apr-2025 16:54:07.445 INFO [main] org.apache.catalina.startup.VersionLoggerListener.log 명령 행 아규먼트:  -Dfile.encoding=UTF-8
30-Apr-2025 16:54:07.445 INFO [main] org.apache.catalina.startup.VersionLoggerListener.log 명령 행 아규먼트:  -Dsun.stdout.encoding=UTF-8
30-Apr-2025 16:54:07.445 INFO [main] org.apache.catalina.startup.VersionLoggerListener.log 명령 행 아규먼트:  -Dsun.stderr.encoding=UTF-8
30-Apr-2025 16:54:07.459 INFO [main] org.apache.catalina.core.AprLifecycleListener.lifecycleEvent 프로덕션 환경들에서 최적의 성능을 제공하는, APR 기반 Apache Tomcat Native 라이브러리가, 다음 java.library.path에서 발견되지 않습니다: [/Users/leeseonghyeon/Library/Java/Extensions:/Library/Java/Extensions:/Network/Library/Java/Extensions:/System/Library/Java/Extensions:/usr/lib/java:.]
30-Apr-2025 16:54:07.737 INFO [main] org.apache.coyote.AbstractProtocol.init 프로토콜 핸들러 ["http-nio-8080"]을(를) 초기화합니다.
30-Apr-2025 16:54:07.754 INFO [main] org.apache.catalina.startup.Catalina.load [492] 밀리초 내에 서버가 초기화되었습니다.
30-Apr-2025 16:54:07.782 INFO [main] org.apache.catalina.core.StandardService.startInternal 서비스 [Catalina]을(를) 시작합니다.
30-Apr-2025 16:54:07.782 INFO [main] org.apache.catalina.core.StandardEngine.startInternal 서버 엔진을 시작합니다: [Apache Tomcat/9.0.104]
30-Apr-2025 16:54:07.787 INFO [main] org.apache.catalina.startup.HostConfig.deployDescriptor 배치 descriptor [/Users/leeseonghyeon/Documents/jwp-basic/conf/Catalina/localhost/ROOT.xml]을(를) 배치합니다.
30-Apr-2025 16:54:08.494 INFO [main] org.apache.jasper.servlet.TldScanner.scanJars 적어도 하나의 JAR가 TLD들을 찾기 위해 스캔되었으나 아무 것도 찾지 못했습니다. 스캔했으나 TLD가 없는 JAR들의 전체 목록을 보시려면, 로그 레벨을 디버그 레벨로 설정하십시오. 스캔 과정에서 불필요한 JAR들을 건너뛰면, 시스템 시작 시간과 JSP 컴파일 시간을 단축시킬 수 있습니다.
30-Apr-2025 16:54:09.034 INFO [main] org.springframework.jdbc.datasource.init.ScriptUtils.executeSqlScript Executing SQL script from class path resource [jwp.sql]
30-Apr-2025 16:54:09.038 INFO [main] org.springframework.jdbc.datasource.init.ScriptUtils.executeSqlScript Executed SQL script from class path resource [jwp.sql] in 4 ms.
30-Apr-2025 16:54:09.068 INFO [main] org.apache.catalina.startup.HostConfig.deployDescriptor 배치 descriptor [/Users/leeseonghyeon/Documents/jwp-basic/conf/Catalina/localhost/ROOT.xml]의 배치가 [1,280] 밀리초 내에 완료되었습니다.
30-Apr-2025 16:54:09.069 INFO [main] org.apache.coyote.AbstractProtocol.start 프로토콜 핸들러 ["http-nio-8080"]을(를) 시작합니다.
30-Apr-2025 16:54:09.078 INFO [main] org.apache.catalina.startup.Catalina.start 서버가 [1323] 밀리초 내에 시작되었습니다.
30-Apr-2025 16:54:41.622 INFO [Thread-5] org.apache.coyote.AbstractProtocol.pause 프로토콜 핸들러 ["http-nio-8080"]을(를) 일시 정지 중
30-Apr-2025 16:54:41.625 INFO [Thread-5] org.apache.catalina.core.StandardService.stopInternal 서비스 [Catalina]을(를) 중지시킵니다.
30-Apr-2025 16:54:41.630 WARNING [Thread-5] org.apache.catalina.loader.WebappClassLoaderBase.clearReferencesJdbc 웹 애플리케이션 [ROOT]이(가) JDBC 드라이버 [org.h2.Driver]을(를) 등록했지만, 웹 애플리케이션이 중지될 때, 해당 JDBC 드라이버의 등록을 제거하지 못했습니다. 메모리 누수를 방지하기 위하여, 등록을 강제로 제거했습니다.
30-Apr-2025 16:54:41.633 INFO [Thread-5] org.apache.coyote.AbstractProtocol.stop 프로토콜 핸들러 ["http-nio-8080"]을(를) 중지시킵니다.
30-Apr-2025 16:54:41.635 INFO [Thread-5] org.apache.coyote.AbstractProtocol.destroy 프로토콜 핸들러 ["http-nio-8080"]을(를) 소멸시킵니다.
30-Apr-2025 16:54:45.377 INFO [main] org.apache.catalina.startup.VersionLoggerListener.log 서버 버전 이름:    Apache Tomcat/9.0.104
30-Apr-2025 16:54:45.379 INFO [main] org.apache.catalina.startup.VersionLoggerListener.log Server 빌드 시각:  Apr 4 2025 12:32:55 UTC
30-Apr-2025 16:54:45.379 INFO [main] org.apache.catalina.startup.VersionLoggerListener.log Server 버전 번호:  9.0.104.0
30-Apr-2025 16:54:45.379 INFO [main] org.apache.catalina.startup.VersionLoggerListener.log 운영체제 이름:     Mac OS X
30-Apr-2025 16:54:45.379 INFO [main] org.apache.catalina.startup.VersionLoggerListener.log 운영체제 버전:     13.4
30-Apr-2025 16:54:45.379 INFO [main] org.apache.catalina.startup.VersionLoggerListener.log 아키텍처:          aarch64
30-Apr-2025 16:54:45.379 INFO [main] org.apache.catalina.startup.VersionLoggerListener.log 자바 홈:           /Users/leeseonghyeon/Library/Java/JavaVirtualMachines/openjdk-18.0.2.1/Contents/Home
30-Apr-2025 16:54:45.379 INFO [main] org.apache.catalina.startup.VersionLoggerListener.log JVM 버전:          18.0.2.1+1-1
30-Apr-2025 16:54:45.379 INFO [main] org.apache.catalina.startup.VersionLoggerListener.log JVM 벤더:          Oracle Corporation
30-Apr-2025 16:54:45.379 INFO [main] org.apache.catalina.startup.VersionLoggerListener.log CATALINA_BASE:     /Users/leeseonghyeon/Documents/jwp-basic
30-Apr-2025 16:54:45.379 INFO [main] org.apache.catalina.startup.VersionLoggerListener.log CATALINA_HOME:     /Users/leeseonghyeon/Downloads/apache-tomcat-9.0.104
30-Apr-2025 16:54:45.386 INFO [main] org.apache.catalina.startup.VersionLoggerListener.log 명령 행 아규먼트:  --add-opens=java.base/java.lang=ALL-UNNAMED
30-Apr-2025 16:54:45.386 INFO [main] org.apache.catalina.startup.VersionLoggerListener.log 명령 행 아규먼트:  --add-opens=java.base/java.io=ALL-UNNAMED
30-Apr-2025 16:54:45.386 INFO [main] org.apache.catalina.startup.VersionLoggerListener.log 명령 행 아규먼트:  --add-opens=java.base/java.util=ALL-UNNAMED
30-Apr-2025 16:54:45.386 INFO [main] org.apache.catalina.startup.VersionLoggerListener.log 명령 행 아규먼트:  --add-opens=java.base/java.util.concurrent=ALL-UNNAMED
30-Apr-2025 16:54:45.386 INFO [main] org.apache.catalina.startup.VersionLoggerListener.log 명령 행 아규먼트:  --add-opens=java.rmi/sun.rmi.transport=ALL-UNNAMED
30-Apr-2025 16:54:45.386 INFO [main] org.apache.catalina.startup.VersionLoggerListener.log 명령 행 아규먼트:  -Dcatalina.home=/Users/leeseonghyeon/Downloads/apache-tomcat-9.0.104
30-Apr-2025 16:54:45.387 INFO [main] org.apache.catalina.startup.VersionLoggerListener.log 명령 행 아규먼트:  -Dcatalina.base=/Users/leeseonghyeon/Documents/jwp-basic
30-Apr-2025 16:54:45.387 INFO [main] org.apache.catalina.startup.VersionLoggerListener.log 명령 행 아규먼트:  -Djava.io.tmpdir=/Users/leeseonghyeon/Documents/jwp-basic/temp
30-Apr-2025 16:54:45.387 INFO [main] org.apache.catalina.startup.VersionLoggerListener.log 명령 행 아규먼트:  -Djava.util.logging.config.file=/Users/leeseonghyeon/Documents/jwp-basic/conf/logging.properties
30-Apr-2025 16:54:45.387 INFO [main] org.apache.catalina.startup.VersionLoggerListener.log 명령 행 아규먼트:  -Djava.util.logging.manager=org.apache.juli.ClassLoaderLogManager
30-Apr-2025 16:54:45.387 INFO [main] org.apache.catalina.startup.VersionLoggerListener.log 명령 행 아규먼트:  -javaagent:/Applications/IntelliJ IDEA CE.app/Contents/lib/idea_rt.jar=59832:/Applications/IntelliJ IDEA CE.app/Contents/bin
30-Apr-2025 16:54:45.387 INFO [main] org.apache.catalina.startup.VersionLoggerListener.log 명령 행 아규먼트:  -Dfile.encoding=UTF-8
30-Apr-2025 16:54:45.387 INFO [main] org.apache.catalina.startup.VersionLoggerListener.log 명령 행 아규먼트:  -Dsun.stdout.encoding=UTF-8
30-Apr-2025 16:54:45.387 INFO [main] org.apache.catalina.startup.VersionLoggerListener.log 명령 행 아규먼트:  -Dsun.stderr.encoding=UTF-8
30-Apr-2025 16:54:45.395 INFO [main] org.apache.catalina.core.AprLifecycleListener.lifecycleEvent 프로덕션 환경들에서 최적의 성능을 제공하는, APR 기반 Apache Tomcat Native 라이브러리가, 다음 java.library.path에서 발견되지 않습니다: [/Users/leeseonghyeon/Library/Java/Extensions:/Library/Java/Extensions:/Network/Library/Java/Extensions:/System/Library/Java/Extensions:/usr/lib/java:.]
30-Apr-2025 16:54:45.632 INFO [main] org.apache.coyote.AbstractProtocol.init 프로토콜 핸들러 ["http-nio-8080"]을(를) 초기화합니다.
30-Apr-2025 16:54:45.649 INFO [main] org.apache.catalina.startup.Catalina.load [371] 밀리초 내에 서버가 초기화되었습니다.
30-Apr-2025 16:54:45.682 INFO [main] org.apache.catalina.core.StandardService.startInternal 서비스 [Catalina]을(를) 시작합니다.
30-Apr-2025 16:54:45.682 INFO [main] org.apache.catalina.core.StandardEngine.startInternal 서버 엔진을 시작합니다: [Apache Tomcat/9.0.104]
30-Apr-2025 16:54:45.688 INFO [main] org.apache.catalina.startup.HostConfig.deployDescriptor 배치 descriptor [/Users/leeseonghyeon/Documents/jwp-basic/conf/Catalina/localhost/ROOT.xml]을(를) 배치합니다.
30-Apr-2025 16:54:46.506 INFO [main] org.apache.jasper.servlet.TldScanner.scanJars 적어도 하나의 JAR가 TLD들을 찾기 위해 스캔되었으나 아무 것도 찾지 못했습니다. 스캔했으나 TLD가 없는 JAR들의 전체 목록을 보시려면, 로그 레벨을 디버그 레벨로 설정하십시오. 스캔 과정에서 불필요한 JAR들을 건너뛰면, 시스템 시작 시간과 JSP 컴파일 시간을 단축시킬 수 있습니다.
30-Apr-2025 16:54:46.953 INFO [main] org.springframework.jdbc.datasource.init.ScriptUtils.executeSqlScript Executing SQL script from class path resource [jwp.sql]
30-Apr-2025 16:54:46.957 INFO [main] org.springframework.jdbc.datasource.init.ScriptUtils.executeSqlScript Executed SQL script from class path resource [jwp.sql] in 4 ms.
30-Apr-2025 16:54:46.979 INFO [main] org.apache.catalina.startup.HostConfig.deployDescriptor 배치 descriptor [/Users/leeseonghyeon/Documents/jwp-basic/conf/Catalina/localhost/ROOT.xml]의 배치가 [1,291] 밀리초 내에 완료되었습니다.
30-Apr-2025 16:54:46.981 INFO [main] org.apache.coyote.AbstractProtocol.start 프로토콜 핸들러 ["http-nio-8080"]을(를) 시작합니다.
30-Apr-2025 16:54:46.986 INFO [main] org.apache.catalina.startup.Catalina.start 서버가 [1334] 밀리초 내에 시작되었습니다.
30-Apr-2025 18:07:09.533 INFO [Thread-5] org.apache.coyote.AbstractProtocol.pause 프로토콜 핸들러 ["http-nio-8080"]을(를) 일시 정지 중
30-Apr-2025 18:07:09.537 INFO [Thread-5] org.apache.catalina.core.StandardService.stopInternal 서비스 [Catalina]을(를) 중지시킵니다.
30-Apr-2025 18:07:09.548 WARNING [Thread-5] org.apache.catalina.loader.WebappClassLoaderBase.clearReferencesJdbc 웹 애플리케이션 [ROOT]이(가) JDBC 드라이버 [org.h2.Driver]을(를) 등록했지만, 웹 애플리케이션이 중지될 때, 해당 JDBC 드라이버의 등록을 제거하지 못했습니다. 메모리 누수를 방지하기 위하여, 등록을 강제로 제거했습니다.
30-Apr-2025 18:07:09.555 INFO [Thread-5] org.apache.coyote.AbstractProtocol.stop 프로토콜 핸들러 ["http-nio-8080"]을(를) 중지시킵니다.
30-Apr-2025 18:07:09.560 INFO [Thread-5] org.apache.coyote.AbstractProtocol.destroy 프로토콜 핸들러 ["http-nio-8080"]을(를) 소멸시킵니다.
30-Apr-2025 18:25:01.216 INFO [main] org.apache.catalina.startup.VersionLoggerListener.log 서버 버전 이름:    Apache Tomcat/9.0.104
30-Apr-2025 18:25:01.219 INFO [main] org.apache.catalina.startup.VersionLoggerListener.log Server 빌드 시각:  Apr 4 2025 12:32:55 UTC
30-Apr-2025 18:25:01.219 INFO [main] org.apache.catalina.startup.VersionLoggerListener.log Server 버전 번호:  9.0.104.0
30-Apr-2025 18:25:01.219 INFO [main] org.apache.catalina.startup.VersionLoggerListener.log 운영체제 이름:     Mac OS X
30-Apr-2025 18:25:01.219 INFO [main] org.apache.catalina.startup.VersionLoggerListener.log 운영체제 버전:     13.4
30-Apr-2025 18:25:01.219 INFO [main] org.apache.catalina.startup.VersionLoggerListener.log 아키텍처:          aarch64
30-Apr-2025 18:25:01.219 INFO [main] org.apache.catalina.startup.VersionLoggerListener.log 자바 홈:           /Users/leeseonghyeon/Library/Java/JavaVirtualMachines/openjdk-18.0.2.1/Contents/Home
30-Apr-2025 18:25:01.219 INFO [main] org.apache.catalina.startup.VersionLoggerListener.log JVM 버전:          18.0.2.1+1-1
30-Apr-2025 18:25:01.219 INFO [main] org.apache.catalina.startup.VersionLoggerListener.log JVM 벤더:          Oracle Corporation
30-Apr-2025 18:25:01.219 INFO [main] org.apache.catalina.startup.VersionLoggerListener.log CATALINA_BASE:     /Users/leeseonghyeon/Documents/jwp-basic
30-Apr-2025 18:25:01.220 INFO [main] org.apache.catalina.startup.VersionLoggerListener.log CATALINA_HOME:     /Users/leeseonghyeon/Downloads/apache-tomcat-9.0.104
30-Apr-2025 18:25:01.226 INFO [main] org.apache.catalina.startup.VersionLoggerListener.log 명령 행 아규먼트:  --add-opens=java.base/java.lang=ALL-UNNAMED
30-Apr-2025 18:25:01.226 INFO [main] org.apache.catalina.startup.VersionLoggerListener.log 명령 행 아규먼트:  --add-opens=java.base/java.io=ALL-UNNAMED
30-Apr-2025 18:25:01.226 INFO [main] org.apache.catalina.startup.VersionLoggerListener.log 명령 행 아규먼트:  --add-opens=java.base/java.util=ALL-UNNAMED
30-Apr-2025 18:25:01.226 INFO [main] org.apache.catalina.startup.VersionLoggerListener.log 명령 행 아규먼트:  --add-opens=java.base/java.util.concurrent=ALL-UNNAMED
30-Apr-2025 18:25:01.226 INFO [main] org.apache.catalina.startup.VersionLoggerListener.log 명령 행 아규먼트:  --add-opens=java.rmi/sun.rmi.transport=ALL-UNNAMED
30-Apr-2025 18:25:01.227 INFO [main] org.apache.catalina.startup.VersionLoggerListener.log 명령 행 아규먼트:  -Dcatalina.home=/Users/leeseonghyeon/Downloads/apache-tomcat-9.0.104
30-Apr-2025 18:25:01.227 INFO [main] org.apache.catalina.startup.VersionLoggerListener.log 명령 행 아규먼트:  -Dcatalina.base=/Users/leeseonghyeon/Documents/jwp-basic
30-Apr-2025 18:25:01.227 INFO [main] org.apache.catalina.startup.VersionLoggerListener.log 명령 행 아규먼트:  -Djava.io.tmpdir=/Users/leeseonghyeon/Documents/jwp-basic/temp
30-Apr-2025 18:25:01.227 INFO [main] org.apache.catalina.startup.VersionLoggerListener.log 명령 행 아규먼트:  -Djava.util.logging.config.file=/Users/leeseonghyeon/Documents/jwp-basic/conf/logging.properties
30-Apr-2025 18:25:01.227 INFO [main] org.apache.catalina.startup.VersionLoggerListener.log 명령 행 아규먼트:  -Djava.util.logging.manager=org.apache.juli.ClassLoaderLogManager
30-Apr-2025 18:25:01.227 INFO [main] org.apache.catalina.startup.VersionLoggerListener.log 명령 행 아규먼트:  -javaagent:/Applications/IntelliJ IDEA CE.app/Contents/lib/idea_rt.jar=60767:/Applications/IntelliJ IDEA CE.app/Contents/bin
30-Apr-2025 18:25:01.227 INFO [main] org.apache.catalina.startup.VersionLoggerListener.log 명령 행 아규먼트:  -Dfile.encoding=UTF-8
30-Apr-2025 18:25:01.227 INFO [main] org.apache.catalina.startup.VersionLoggerListener.log 명령 행 아규먼트:  -Dsun.stdout.encoding=UTF-8
30-Apr-2025 18:25:01.227 INFO [main] org.apache.catalina.startup.VersionLoggerListener.log 명령 행 아규먼트:  -Dsun.stderr.encoding=UTF-8
30-Apr-2025 18:25:01.236 INFO [main] org.apache.catalina.core.AprLifecycleListener.lifecycleEvent 프로덕션 환경들에서 최적의 성능을 제공하는, APR 기반 Apache Tomcat Native 라이브러리가, 다음 java.library.path에서 발견되지 않습니다: [/Users/leeseonghyeon/Library/Java/Extensions:/Library/Java/Extensions:/Network/Library/Java/Extensions:/System/Library/Java/Extensions:/usr/lib/java:.]
30-Apr-2025 18:25:01.422 INFO [main] org.apache.coyote.AbstractProtocol.init 프로토콜 핸들러 ["http-nio-8080"]을(를) 초기화합니다.
30-Apr-2025 18:25:01.435 INFO [main] org.apache.catalina.startup.Catalina.load [347] 밀리초 내에 서버가 초기화되었습니다.
30-Apr-2025 18:25:01.459 INFO [main] org.apache.catalina.core.StandardService.startInternal 서비스 [Catalina]을(를) 시작합니다.
30-Apr-2025 18:25:01.460 INFO [main] org.apache.catalina.core.StandardEngine.startInternal 서버 엔진을 시작합니다: [Apache Tomcat/9.0.104]
30-Apr-2025 18:25:01.464 INFO [main] org.apache.catalina.startup.HostConfig.deployDescriptor 배치 descriptor [/Users/leeseonghyeon/Documents/jwp-basic/conf/Catalina/localhost/ROOT.xml]을(를) 배치합니다.
30-Apr-2025 18:25:02.202 INFO [main] org.apache.jasper.servlet.TldScanner.scanJars 적어도 하나의 JAR가 TLD들을 찾기 위해 스캔되었으나 아무 것도 찾지 못했습니다. 스캔했으나 TLD가 없는 JAR들의 전체 목록을 보시려면, 로그 레벨을 디버그 레벨로 설정하십시오. 스캔 과정에서 불필요한 JAR들을 건너뛰면, 시스템 시작 시간과 JSP 컴파일 시간을 단축시킬 수 있습니다.
30-Apr-2025 18:25:02.631 INFO [main] org.springframework.jdbc.datasource.init.ScriptUtils.executeSqlScript Executing SQL script from class path resource [jwp.sql]
30-Apr-2025 18:25:02.635 INFO [main] org.springframework.jdbc.datasource.init.ScriptUtils.executeSqlScript Executed SQL script from class path resource [jwp.sql] in 4 ms.
30-Apr-2025 18:25:02.656 INFO [main] org.apache.catalina.startup.HostConfig.deployDescriptor 배치 descriptor [/Users/leeseonghyeon/Documents/jwp-basic/conf/Catalina/localhost/ROOT.xml]의 배치가 [1,192] 밀리초 내에 완료되었습니다.
30-Apr-2025 18:25:02.658 INFO [main] org.apache.coyote.AbstractProtocol.start 프로토콜 핸들러 ["http-nio-8080"]을(를) 시작합니다.
30-Apr-2025 18:25:02.662 INFO [main] org.apache.catalina.startup.Catalina.start 서버가 [1226] 밀리초 내에 시작되었습니다.
30-Apr-2025 18:25:29.405 INFO [Thread-5] org.apache.coyote.AbstractProtocol.pause 프로토콜 핸들러 ["http-nio-8080"]을(를) 일시 정지 중
30-Apr-2025 18:25:29.407 INFO [Thread-5] org.apache.catalina.core.StandardService.stopInternal 서비스 [Catalina]을(를) 중지시킵니다.
30-Apr-2025 18:25:29.416 WARNING [Thread-5] org.apache.catalina.loader.WebappClassLoaderBase.clearReferencesJdbc 웹 애플리케이션 [ROOT]이(가) JDBC 드라이버 [org.h2.Driver]을(를) 등록했지만, 웹 애플리케이션이 중지될 때, 해당 JDBC 드라이버의 등록을 제거하지 못했습니다. 메모리 누수를 방지하기 위하여, 등록을 강제로 제거했습니다.
30-Apr-2025 18:25:29.421 INFO [Thread-5] org.apache.coyote.AbstractProtocol.stop 프로토콜 핸들러 ["http-nio-8080"]을(를) 중지시킵니다.
30-Apr-2025 18:25:29.433 INFO [Thread-5] org.apache.coyote.AbstractProtocol.destroy 프로토콜 핸들러 ["http-nio-8080"]을(를) 소멸시킵니다.
30-Apr-2025 18:25:33.330 INFO [main] org.apache.catalina.startup.VersionLoggerListener.log 서버 버전 이름:    Apache Tomcat/9.0.104
30-Apr-2025 18:25:33.334 INFO [main] org.apache.catalina.startup.VersionLoggerListener.log Server 빌드 시각:  Apr 4 2025 12:32:55 UTC
30-Apr-2025 18:25:33.334 INFO [main] org.apache.catalina.startup.VersionLoggerListener.log Server 버전 번호:  9.0.104.0
30-Apr-2025 18:25:33.334 INFO [main] org.apache.catalina.startup.VersionLoggerListener.log 운영체제 이름:     Mac OS X
30-Apr-2025 18:25:33.334 INFO [main] org.apache.catalina.startup.VersionLoggerListener.log 운영체제 버전:     13.4
30-Apr-2025 18:25:33.334 INFO [main] org.apache.catalina.startup.VersionLoggerListener.log 아키텍처:          aarch64
30-Apr-2025 18:25:33.334 INFO [main] org.apache.catalina.startup.VersionLoggerListener.log 자바 홈:           /Users/leeseonghyeon/Library/Java/JavaVirtualMachines/openjdk-18.0.2.1/Contents/Home
30-Apr-2025 18:25:33.335 INFO [main] org.apache.catalina.startup.VersionLoggerListener.log JVM 버전:          18.0.2.1+1-1
30-Apr-2025 18:25:33.335 INFO [main] org.apache.catalina.startup.VersionLoggerListener.log JVM 벤더:          Oracle Corporation
30-Apr-2025 18:25:33.335 INFO [main] org.apache.catalina.startup.VersionLoggerListener.log CATALINA_BASE:     /Users/leeseonghyeon/Documents/jwp-basic
30-Apr-2025 18:25:33.335 INFO [main] org.apache.catalina.startup.VersionLoggerListener.log CATALINA_HOME:     /Users/leeseonghyeon/Downloads/apache-tomcat-9.0.104
30-Apr-2025 18:25:33.340 INFO [main] org.apache.catalina.startup.VersionLoggerListener.log 명령 행 아규먼트:  --add-opens=java.base/java.lang=ALL-UNNAMED
30-Apr-2025 18:25:33.340 INFO [main] org.apache.catalina.startup.VersionLoggerListener.log 명령 행 아규먼트:  --add-opens=java.base/java.io=ALL-UNNAMED
30-Apr-2025 18:25:33.340 INFO [main] org.apache.catalina.startup.VersionLoggerListener.log 명령 행 아규먼트:  --add-opens=java.base/java.util=ALL-UNNAMED
30-Apr-2025 18:25:33.340 INFO [main] org.apache.catalina.startup.VersionLoggerListener.log 명령 행 아규먼트:  --add-opens=java.base/java.util.concurrent=ALL-UNNAMED
30-Apr-2025 18:25:33.340 INFO [main] org.apache.catalina.startup.VersionLoggerListener.log 명령 행 아규먼트:  --add-opens=java.rmi/sun.rmi.transport=ALL-UNNAMED
30-Apr-2025 18:25:33.341 INFO [main] org.apache.catalina.startup.VersionLoggerListener.log 명령 행 아규먼트:  -Dcatalina.home=/Users/leeseonghyeon/Downloads/apache-tomcat-9.0.104
30-Apr-2025 18:25:33.341 INFO [main] org.apache.catalina.startup.VersionLoggerListener.log 명령 행 아규먼트:  -Dcatalina.base=/Users/leeseonghyeon/Documents/jwp-basic
30-Apr-2025 18:25:33.341 INFO [main] org.apache.catalina.startup.VersionLoggerListener.log 명령 행 아규먼트:  -Djava.io.tmpdir=/Users/leeseonghyeon/Documents/jwp-basic/temp
30-Apr-2025 18:25:33.341 INFO [main] org.apache.catalina.startup.VersionLoggerListener.log 명령 행 아규먼트:  -Djava.util.logging.config.file=/Users/leeseonghyeon/Documents/jwp-basic/conf/logging.properties
30-Apr-2025 18:25:33.341 INFO [main] org.apache.catalina.startup.VersionLoggerListener.log 명령 행 아규먼트:  -Djava.util.logging.manager=org.apache.juli.ClassLoaderLogManager
30-Apr-2025 18:25:33.341 INFO [main] org.apache.catalina.startup.VersionLoggerListener.log 명령 행 아규먼트:  -javaagent:/Applications/IntelliJ IDEA CE.app/Contents/lib/idea_rt.jar=60781:/Applications/IntelliJ IDEA CE.app/Contents/bin
30-Apr-2025 18:25:33.341 INFO [main] org.apache.catalina.startup.VersionLoggerListener.log 명령 행 아규먼트:  -Dfile.encoding=UTF-8
30-Apr-2025 18:25:33.341 INFO [main] org.apache.catalina.startup.VersionLoggerListener.log 명령 행 아규먼트:  -Dsun.stdout.encoding=UTF-8
30-Apr-2025 18:25:33.342 INFO [main] org.apache.catalina.startup.VersionLoggerListener.log 명령 행 아규먼트:  -Dsun.stderr.encoding=UTF-8
30-Apr-2025 18:25:33.346 INFO [main] org.apache.catalina.core.AprLifecycleListener.lifecycleEvent 프로덕션 환경들에서 최적의 성능을 제공하는, APR 기반 Apache Tomcat Native 라이브러리가, 다음 java.library.path에서 발견되지 않습니다: [/Users/leeseonghyeon/Library/Java/Extensions:/Library/Java/Extensions:/Network/Library/Java/Extensions:/System/Library/Java/Extensions:/usr/lib/java:.]
30-Apr-2025 18:25:33.536 INFO [main] org.apache.coyote.AbstractProtocol.init 프로토콜 핸들러 ["http-nio-8080"]을(를) 초기화합니다.
30-Apr-2025 18:25:33.549 INFO [main] org.apache.catalina.startup.Catalina.load [322] 밀리초 내에 서버가 초기화되었습니다.
30-Apr-2025 18:25:33.575 INFO [main] org.apache.catalina.core.StandardService.startInternal 서비스 [Catalina]을(를) 시작합니다.
30-Apr-2025 18:25:33.575 INFO [main] org.apache.catalina.core.StandardEngine.startInternal 서버 엔진을 시작합니다: [Apache Tomcat/9.0.104]
30-Apr-2025 18:25:33.579 INFO [main] org.apache.catalina.startup.HostConfig.deployDescriptor 배치 descriptor [/Users/leeseonghyeon/Documents/jwp-basic/conf/Catalina/localhost/ROOT.xml]을(를) 배치합니다.
30-Apr-2025 18:25:34.210 INFO [main] org.apache.jasper.servlet.TldScanner.scanJars 적어도 하나의 JAR가 TLD들을 찾기 위해 스캔되었으나 아무 것도 찾지 못했습니다. 스캔했으나 TLD가 없는 JAR들의 전체 목록을 보시려면, 로그 레벨을 디버그 레벨로 설정하십시오. 스캔 과정에서 불필요한 JAR들을 건너뛰면, 시스템 시작 시간과 JSP 컴파일 시간을 단축시킬 수 있습니다.
30-Apr-2025 18:25:34.590 INFO [main] org.springframework.jdbc.datasource.init.ScriptUtils.executeSqlScript Executing SQL script from class path resource [jwp.sql]
30-Apr-2025 18:25:34.594 INFO [main] org.springframework.jdbc.datasource.init.ScriptUtils.executeSqlScript Executed SQL script from class path resource [jwp.sql] in 4 ms.
30-Apr-2025 18:25:34.621 INFO [main] org.apache.catalina.startup.HostConfig.deployDescriptor 배치 descriptor [/Users/leeseonghyeon/Documents/jwp-basic/conf/Catalina/localhost/ROOT.xml]의 배치가 [1,042] 밀리초 내에 완료되었습니다.
30-Apr-2025 18:25:34.623 INFO [main] org.apache.coyote.AbstractProtocol.start 프로토콜 핸들러 ["http-nio-8080"]을(를) 시작합니다.
30-Apr-2025 18:25:34.629 INFO [main] org.apache.catalina.startup.Catalina.start 서버가 [1079] 밀리초 내에 시작되었습니다.
30-Apr-2025 18:26:30.118 INFO [Thread-5] org.apache.coyote.AbstractProtocol.pause 프로토콜 핸들러 ["http-nio-8080"]을(를) 일시 정지 중
30-Apr-2025 18:26:30.120 INFO [Thread-5] org.apache.catalina.core.StandardService.stopInternal 서비스 [Catalina]을(를) 중지시킵니다.
30-Apr-2025 18:26:30.124 WARNING [Thread-5] org.apache.catalina.loader.WebappClassLoaderBase.clearReferencesJdbc 웹 애플리케이션 [ROOT]이(가) JDBC 드라이버 [org.h2.Driver]을(를) 등록했지만, 웹 애플리케이션이 중지될 때, 해당 JDBC 드라이버의 등록을 제거하지 못했습니다. 메모리 누수를 방지하기 위하여, 등록을 강제로 제거했습니다.
30-Apr-2025 18:26:30.127 INFO [Thread-5] org.apache.coyote.AbstractProtocol.stop 프로토콜 핸들러 ["http-nio-8080"]을(를) 중지시킵니다.
30-Apr-2025 18:26:30.129 INFO [Thread-5] org.apache.coyote.AbstractProtocol.destroy 프로토콜 핸들러 ["http-nio-8080"]을(를) 소멸시킵니다.
30-Apr-2025 18:26:36.018 INFO [main] org.apache.catalina.startup.VersionLoggerListener.log 서버 버전 이름:    Apache Tomcat/9.0.104
30-Apr-2025 18:26:36.021 INFO [main] org.apache.catalina.startup.VersionLoggerListener.log Server 빌드 시각:  Apr 4 2025 12:32:55 UTC
30-Apr-2025 18:26:36.021 INFO [main] org.apache.catalina.startup.VersionLoggerListener.log Server 버전 번호:  9.0.104.0
30-Apr-2025 18:26:36.021 INFO [main] org.apache.catalina.startup.VersionLoggerListener.log 운영체제 이름:     Mac OS X
30-Apr-2025 18:26:36.021 INFO [main] org.apache.catalina.startup.VersionLoggerListener.log 운영체제 버전:     13.4
30-Apr-2025 18:26:36.021 INFO [main] org.apache.catalina.startup.VersionLoggerListener.log 아키텍처:          aarch64
30-Apr-2025 18:26:36.021 INFO [main] org.apache.catalina.startup.VersionLoggerListener.log 자바 홈:           /Users/leeseonghyeon/Library/Java/JavaVirtualMachines/openjdk-18.0.2.1/Contents/Home
30-Apr-2025 18:26:36.021 INFO [main] org.apache.catalina.startup.VersionLoggerListener.log JVM 버전:          18.0.2.1+1-1
30-Apr-2025 18:26:36.021 INFO [main] org.apache.catalina.startup.VersionLoggerListener.log JVM 벤더:          Oracle Corporation
30-Apr-2025 18:26:36.021 INFO [main] org.apache.catalina.startup.VersionLoggerListener.log CATALINA_BASE:     /Users/leeseonghyeon/Documents/jwp-basic
30-Apr-2025 18:26:36.022 INFO [main] org.apache.catalina.startup.VersionLoggerListener.log CATALINA_HOME:     /Users/leeseonghyeon/Downloads/apache-tomcat-9.0.104
30-Apr-2025 18:26:36.027 INFO [main] org.apache.catalina.startup.VersionLoggerListener.log 명령 행 아규먼트:  --add-opens=java.base/java.lang=ALL-UNNAMED
30-Apr-2025 18:26:36.027 INFO [main] org.apache.catalina.startup.VersionLoggerListener.log 명령 행 아규먼트:  --add-opens=java.base/java.io=ALL-UNNAMED
30-Apr-2025 18:26:36.027 INFO [main] org.apache.catalina.startup.VersionLoggerListener.log 명령 행 아규먼트:  --add-opens=java.base/java.util=ALL-UNNAMED
30-Apr-2025 18:26:36.027 INFO [main] org.apache.catalina.startup.VersionLoggerListener.log 명령 행 아규먼트:  --add-opens=java.base/java.util.concurrent=ALL-UNNAMED
30-Apr-2025 18:26:36.028 INFO [main] org.apache.catalina.startup.VersionLoggerListener.log 명령 행 아규먼트:  --add-opens=java.rmi/sun.rmi.transport=ALL-UNNAMED
30-Apr-2025 18:26:36.028 INFO [main] org.apache.catalina.startup.VersionLoggerListener.log 명령 행 아규먼트:  -Dcatalina.home=/Users/leeseonghyeon/Downloads/apache-tomcat-9.0.104
30-Apr-2025 18:26:36.028 INFO [main] org.apache.catalina.startup.VersionLoggerListener.log 명령 행 아규먼트:  -Dcatalina.base=/Users/leeseonghyeon/Documents/jwp-basic
30-Apr-2025 18:26:36.028 INFO [main] org.apache.catalina.startup.VersionLoggerListener.log 명령 행 아규먼트:  -Djava.io.tmpdir=/Users/leeseonghyeon/Documents/jwp-basic/temp
30-Apr-2025 18:26:36.028 INFO [main] org.apache.catalina.startup.VersionLoggerListener.log 명령 행 아규먼트:  -Djava.util.logging.config.file=/Users/leeseonghyeon/Documents/jwp-basic/conf/logging.properties
30-Apr-2025 18:26:36.028 INFO [main] org.apache.catalina.startup.VersionLoggerListener.log 명령 행 아규먼트:  -Djava.util.logging.manager=org.apache.juli.ClassLoaderLogManager
30-Apr-2025 18:26:36.028 INFO [main] org.apache.catalina.startup.VersionLoggerListener.log 명령 행 아규먼트:  -javaagent:/Applications/IntelliJ IDEA CE.app/Contents/lib/idea_rt.jar=60797:/Applications/IntelliJ IDEA CE.app/Contents/bin
30-Apr-2025 18:26:36.028 INFO [main] org.apache.catalina.startup.VersionLoggerListener.log 명령 행 아규먼트:  -Dfile.encoding=UTF-8
30-Apr-2025 18:26:36.028 INFO [main] org.apache.catalina.startup.VersionLoggerListener.log 명령 행 아규먼트:  -Dsun.stdout.encoding=UTF-8
30-Apr-2025 18:26:36.028 INFO [main] org.apache.catalina.startup.VersionLoggerListener.log 명령 행 아규먼트:  -Dsun.stderr.encoding=UTF-8
30-Apr-2025 18:26:36.033 INFO [main] org.apache.catalina.core.AprLifecycleListener.lifecycleEvent 프로덕션 환경들에서 최적의 성능을 제공하는, APR 기반 Apache Tomcat Native 라이브러리가, 다음 java.library.path에서 발견되지 않습니다: [/Users/leeseonghyeon/Library/Java/Extensions:/Library/Java/Extensions:/Network/Library/Java/Extensions:/System/Library/Java/Extensions:/usr/lib/java:.]
30-Apr-2025 18:26:36.195 INFO [main] org.apache.coyote.AbstractProtocol.init 프로토콜 핸들러 ["http-nio-8080"]을(를) 초기화합니다.
30-Apr-2025 18:26:36.206 INFO [main] org.apache.catalina.startup.Catalina.load [285] 밀리초 내에 서버가 초기화되었습니다.
30-Apr-2025 18:26:36.230 INFO [main] org.apache.catalina.core.StandardService.startInternal 서비스 [Catalina]을(를) 시작합니다.
30-Apr-2025 18:26:36.230 INFO [main] org.apache.catalina.core.StandardEngine.startInternal 서버 엔진을 시작합니다: [Apache Tomcat/9.0.104]
30-Apr-2025 18:26:36.235 INFO [main] org.apache.catalina.startup.HostConfig.deployDescriptor 배치 descriptor [/Users/leeseonghyeon/Documents/jwp-basic/conf/Catalina/localhost/ROOT.xml]을(를) 배치합니다.
30-Apr-2025 18:26:36.871 INFO [main] org.apache.jasper.servlet.TldScanner.scanJars 적어도 하나의 JAR가 TLD들을 찾기 위해 스캔되었으나 아무 것도 찾지 못했습니다. 스캔했으나 TLD가 없는 JAR들의 전체 목록을 보시려면, 로그 레벨을 디버그 레벨로 설정하십시오. 스캔 과정에서 불필요한 JAR들을 건너뛰면, 시스템 시작 시간과 JSP 컴파일 시간을 단축시킬 수 있습니다.
30-Apr-2025 18:26:37.227 INFO [main] org.springframework.jdbc.datasource.init.ScriptUtils.executeSqlScript Executing SQL script from class path resource [jwp.sql]
30-Apr-2025 18:26:37.231 INFO [main] org.springframework.jdbc.datasource.init.ScriptUtils.executeSqlScript Executed SQL script from class path resource [jwp.sql] in 4 ms.
30-Apr-2025 18:26:37.251 INFO [main] org.apache.catalina.startup.HostConfig.deployDescriptor 배치 descriptor [/Users/leeseonghyeon/Documents/jwp-basic/conf/Catalina/localhost/ROOT.xml]의 배치가 [1,016] 밀리초 내에 완료되었습니다.
30-Apr-2025 18:26:37.253 INFO [main] org.apache.coyote.AbstractProtocol.start 프로토콜 핸들러 ["http-nio-8080"]을(를) 시작합니다.
30-Apr-2025 18:26:37.260 INFO [main] org.apache.catalina.startup.Catalina.start 서버가 [1053] 밀리초 내에 시작되었습니다.
30-Apr-2025 18:26:55.447 INFO [Thread-5] org.apache.coyote.AbstractProtocol.pause 프로토콜 핸들러 ["http-nio-8080"]을(를) 일시 정지 중
30-Apr-2025 18:26:55.450 INFO [Thread-5] org.apache.catalina.core.StandardService.stopInternal 서비스 [Catalina]을(를) 중지시킵니다.
30-Apr-2025 18:26:55.459 WARNING [Thread-5] org.apache.catalina.loader.WebappClassLoaderBase.clearReferencesJdbc 웹 애플리케이션 [ROOT]이(가) JDBC 드라이버 [org.h2.Driver]을(를) 등록했지만, 웹 애플리케이션이 중지될 때, 해당 JDBC 드라이버의 등록을 제거하지 못했습니다. 메모리 누수를 방지하기 위하여, 등록을 강제로 제거했습니다.
30-Apr-2025 18:26:55.462 INFO [Thread-5] org.apache.coyote.AbstractProtocol.stop 프로토콜 핸들러 ["http-nio-8080"]을(를) 중지시킵니다.
30-Apr-2025 18:26:55.476 INFO [Thread-5] org.apache.coyote.AbstractProtocol.destroy 프로토콜 핸들러 ["http-nio-8080"]을(를) 소멸시킵니다.
30-Apr-2025 18:26:59.118 INFO [main] org.apache.catalina.startup.VersionLoggerListener.log 서버 버전 이름:    Apache Tomcat/9.0.104
30-Apr-2025 18:26:59.121 INFO [main] org.apache.catalina.startup.VersionLoggerListener.log Server 빌드 시각:  Apr 4 2025 12:32:55 UTC
30-Apr-2025 18:26:59.121 INFO [main] org.apache.catalina.startup.VersionLoggerListener.log Server 버전 번호:  9.0.104.0
30-Apr-2025 18:26:59.121 INFO [main] org.apache.catalina.startup.VersionLoggerListener.log 운영체제 이름:     Mac OS X
30-Apr-2025 18:26:59.121 INFO [main] org.apache.catalina.startup.VersionLoggerListener.log 운영체제 버전:     13.4
30-Apr-2025 18:26:59.121 INFO [main] org.apache.catalina.startup.VersionLoggerListener.log 아키텍처:          aarch64
30-Apr-2025 18:26:59.121 INFO [main] org.apache.catalina.startup.VersionLoggerListener.log 자바 홈:           /Users/leeseonghyeon/Library/Java/JavaVirtualMachines/openjdk-18.0.2.1/Contents/Home
30-Apr-2025 18:26:59.121 INFO [main] org.apache.catalina.startup.VersionLoggerListener.log JVM 버전:          18.0.2.1+1-1
30-Apr-2025 18:26:59.121 INFO [main] org.apache.catalina.startup.VersionLoggerListener.log JVM 벤더:          Oracle Corporation
30-Apr-2025 18:26:59.121 INFO [main] org.apache.catalina.startup.VersionLoggerListener.log CATALINA_BASE:     /Users/leeseonghyeon/Documents/jwp-basic
30-Apr-2025 18:26:59.121 INFO [main] org.apache.catalina.startup.VersionLoggerListener.log CATALINA_HOME:     /Users/leeseonghyeon/Downloads/apache-tomcat-9.0.104
30-Apr-2025 18:26:59.127 INFO [main] org.apache.catalina.startup.VersionLoggerListener.log 명령 행 아규먼트:  --add-opens=java.base/java.lang=ALL-UNNAMED
30-Apr-2025 18:26:59.127 INFO [main] org.apache.catalina.startup.VersionLoggerListener.log 명령 행 아규먼트:  --add-opens=java.base/java.io=ALL-UNNAMED
30-Apr-2025 18:26:59.127 INFO [main] org.apache.catalina.startup.VersionLoggerListener.log 명령 행 아규먼트:  --add-opens=java.base/java.util=ALL-UNNAMED
30-Apr-2025 18:26:59.127 INFO [main] org.apache.catalina.startup.VersionLoggerListener.log 명령 행 아규먼트:  --add-opens=java.base/java.util.concurrent=ALL-UNNAMED
30-Apr-2025 18:26:59.127 INFO [main] org.apache.catalina.startup.VersionLoggerListener.log 명령 행 아규먼트:  --add-opens=java.rmi/sun.rmi.transport=ALL-UNNAMED
30-Apr-2025 18:26:59.127 INFO [main] org.apache.catalina.startup.VersionLoggerListener.log 명령 행 아규먼트:  -Dcatalina.home=/Users/leeseonghyeon/Downloads/apache-tomcat-9.0.104
30-Apr-2025 18:26:59.127 INFO [main] org.apache.catalina.startup.VersionLoggerListener.log 명령 행 아규먼트:  -Dcatalina.base=/Users/leeseonghyeon/Documents/jwp-basic
30-Apr-2025 18:26:59.127 INFO [main] org.apache.catalina.startup.VersionLoggerListener.log 명령 행 아규먼트:  -Djava.io.tmpdir=/Users/leeseonghyeon/Documents/jwp-basic/temp
30-Apr-2025 18:26:59.127 INFO [main] org.apache.catalina.startup.VersionLoggerListener.log 명령 행 아규먼트:  -Djava.util.logging.config.file=/Users/leeseonghyeon/Documents/jwp-basic/conf/logging.properties
30-Apr-2025 18:26:59.127 INFO [main] org.apache.catalina.startup.VersionLoggerListener.log 명령 행 아규먼트:  -Djava.util.logging.manager=org.apache.juli.ClassLoaderLogManager
30-Apr-2025 18:26:59.127 INFO [main] org.apache.catalina.startup.VersionLoggerListener.log 명령 행 아규먼트:  -javaagent:/Applications/IntelliJ IDEA CE.app/Contents/lib/idea_rt.jar=60807:/Applications/IntelliJ IDEA CE.app/Contents/bin
30-Apr-2025 18:26:59.128 INFO [main] org.apache.catalina.startup.VersionLoggerListener.log 명령 행 아규먼트:  -Dfile.encoding=UTF-8
30-Apr-2025 18:26:59.128 INFO [main] org.apache.catalina.startup.VersionLoggerListener.log 명령 행 아규먼트:  -Dsun.stdout.encoding=UTF-8
30-Apr-2025 18:26:59.128 INFO [main] org.apache.catalina.startup.VersionLoggerListener.log 명령 행 아규먼트:  -Dsun.stderr.encoding=UTF-8
30-Apr-2025 18:26:59.133 INFO [main] org.apache.catalina.core.AprLifecycleListener.lifecycleEvent 프로덕션 환경들에서 최적의 성능을 제공하는, APR 기반 Apache Tomcat Native 라이브러리가, 다음 java.library.path에서 발견되지 않습니다: [/Users/leeseonghyeon/Library/Java/Extensions:/Library/Java/Extensions:/Network/Library/Java/Extensions:/System/Library/Java/Extensions:/usr/lib/java:.]
30-Apr-2025 18:26:59.291 INFO [main] org.apache.coyote.AbstractProtocol.init 프로토콜 핸들러 ["http-nio-8080"]을(를) 초기화합니다.
30-Apr-2025 18:26:59.301 INFO [main] org.apache.catalina.startup.Catalina.load [287] 밀리초 내에 서버가 초기화되었습니다.
30-Apr-2025 18:26:59.325 INFO [main] org.apache.catalina.core.StandardService.startInternal 서비스 [Catalina]을(를) 시작합니다.
30-Apr-2025 18:26:59.325 INFO [main] org.apache.catalina.core.StandardEngine.startInternal 서버 엔진을 시작합니다: [Apache Tomcat/9.0.104]
30-Apr-2025 18:26:59.329 INFO [main] org.apache.catalina.startup.HostConfig.deployDescriptor 배치 descriptor [/Users/leeseonghyeon/Documents/jwp-basic/conf/Catalina/localhost/ROOT.xml]을(를) 배치합니다.
30-Apr-2025 18:27:00.140 INFO [main] org.apache.jasper.servlet.TldScanner.scanJars 적어도 하나의 JAR가 TLD들을 찾기 위해 스캔되었으나 아무 것도 찾지 못했습니다. 스캔했으나 TLD가 없는 JAR들의 전체 목록을 보시려면, 로그 레벨을 디버그 레벨로 설정하십시오. 스캔 과정에서 불필요한 JAR들을 건너뛰면, 시스템 시작 시간과 JSP 컴파일 시간을 단축시킬 수 있습니다.
30-Apr-2025 18:27:00.610 INFO [main] org.springframework.jdbc.datasource.init.ScriptUtils.executeSqlScript Executing SQL script from class path resource [jwp.sql]
30-Apr-2025 18:27:00.614 INFO [main] org.springframework.jdbc.datasource.init.ScriptUtils.executeSqlScript Executed SQL script from class path resource [jwp.sql] in 4 ms.
30-Apr-2025 18:27:00.636 INFO [main] org.apache.catalina.startup.HostConfig.deployDescriptor 배치 descriptor [/Users/leeseonghyeon/Documents/jwp-basic/conf/Catalina/localhost/ROOT.xml]의 배치가 [1,306] 밀리초 내에 완료되었습니다.
30-Apr-2025 18:27:00.637 INFO [main] org.apache.coyote.AbstractProtocol.start 프로토콜 핸들러 ["http-nio-8080"]을(를) 시작합니다.
30-Apr-2025 18:27:00.642 INFO [main] org.apache.catalina.startup.Catalina.start 서버가 [1340] 밀리초 내에 시작되었습니다.
30-Apr-2025 18:33:34.333 INFO [Thread-5] org.apache.coyote.AbstractProtocol.pause 프로토콜 핸들러 ["http-nio-8080"]을(를) 일시 정지 중
30-Apr-2025 18:33:34.338 INFO [Thread-5] org.apache.catalina.core.StandardService.stopInternal 서비스 [Catalina]을(를) 중지시킵니다.
30-Apr-2025 18:33:34.351 WARNING [Thread-5] org.apache.catalina.loader.WebappClassLoaderBase.clearReferencesJdbc 웹 애플리케이션 [ROOT]이(가) JDBC 드라이버 [org.h2.Driver]을(를) 등록했지만, 웹 애플리케이션이 중지될 때, 해당 JDBC 드라이버의 등록을 제거하지 못했습니다. 메모리 누수를 방지하기 위하여, 등록을 강제로 제거했습니다.
30-Apr-2025 18:33:34.355 INFO [Thread-5] org.apache.coyote.AbstractProtocol.stop 프로토콜 핸들러 ["http-nio-8080"]을(를) 중지시킵니다.
30-Apr-2025 18:33:34.363 INFO [Thread-5] org.apache.coyote.AbstractProtocol.destroy 프로토콜 핸들러 ["http-nio-8080"]을(를) 소멸시킵니다.
30-Apr-2025 18:35:13.617 INFO [main] org.apache.catalina.startup.VersionLoggerListener.log 서버 버전 이름:    Apache Tomcat/9.0.104
30-Apr-2025 18:35:13.620 INFO [main] org.apache.catalina.startup.VersionLoggerListener.log Server 빌드 시각:  Apr 4 2025 12:32:55 UTC
30-Apr-2025 18:35:13.620 INFO [main] org.apache.catalina.startup.VersionLoggerListener.log Server 버전 번호:  9.0.104.0
30-Apr-2025 18:35:13.620 INFO [main] org.apache.catalina.startup.VersionLoggerListener.log 운영체제 이름:     Mac OS X
30-Apr-2025 18:35:13.621 INFO [main] org.apache.catalina.startup.VersionLoggerListener.log 운영체제 버전:     13.4
30-Apr-2025 18:35:13.621 INFO [main] org.apache.catalina.startup.VersionLoggerListener.log 아키텍처:          aarch64
30-Apr-2025 18:35:13.621 INFO [main] org.apache.catalina.startup.VersionLoggerListener.log 자바 홈:           /Users/leeseonghyeon/Library/Java/JavaVirtualMachines/openjdk-18.0.2.1/Contents/Home
30-Apr-2025 18:35:13.621 INFO [main] org.apache.catalina.startup.VersionLoggerListener.log JVM 버전:          18.0.2.1+1-1
30-Apr-2025 18:35:13.621 INFO [main] org.apache.catalina.startup.VersionLoggerListener.log JVM 벤더:          Oracle Corporation
30-Apr-2025 18:35:13.621 INFO [main] org.apache.catalina.startup.VersionLoggerListener.log CATALINA_BASE:     /Users/leeseonghyeon/Documents/jwp-basic
30-Apr-2025 18:35:13.621 INFO [main] org.apache.catalina.startup.VersionLoggerListener.log CATALINA_HOME:     /Users/leeseonghyeon/Downloads/apache-tomcat-9.0.104
30-Apr-2025 18:35:13.627 INFO [main] org.apache.catalina.startup.VersionLoggerListener.log 명령 행 아규먼트:  --add-opens=java.base/java.lang=ALL-UNNAMED
30-Apr-2025 18:35:13.627 INFO [main] org.apache.catalina.startup.VersionLoggerListener.log 명령 행 아규먼트:  --add-opens=java.base/java.io=ALL-UNNAMED
30-Apr-2025 18:35:13.627 INFO [main] org.apache.catalina.startup.VersionLoggerListener.log 명령 행 아규먼트:  --add-opens=java.base/java.util=ALL-UNNAMED
30-Apr-2025 18:35:13.627 INFO [main] org.apache.catalina.startup.VersionLoggerListener.log 명령 행 아규먼트:  --add-opens=java.base/java.util.concurrent=ALL-UNNAMED
30-Apr-2025 18:35:13.627 INFO [main] org.apache.catalina.startup.VersionLoggerListener.log 명령 행 아규먼트:  --add-opens=java.rmi/sun.rmi.transport=ALL-UNNAMED
30-Apr-2025 18:35:13.627 INFO [main] org.apache.catalina.startup.VersionLoggerListener.log 명령 행 아규먼트:  -Dcatalina.home=/Users/leeseonghyeon/Downloads/apache-tomcat-9.0.104
30-Apr-2025 18:35:13.627 INFO [main] org.apache.catalina.startup.VersionLoggerListener.log 명령 행 아규먼트:  -Dcatalina.base=/Users/leeseonghyeon/Documents/jwp-basic
30-Apr-2025 18:35:13.627 INFO [main] org.apache.catalina.startup.VersionLoggerListener.log 명령 행 아규먼트:  -Djava.io.tmpdir=/Users/leeseonghyeon/Documents/jwp-basic/temp
30-Apr-2025 18:35:13.627 INFO [main] org.apache.catalina.startup.VersionLoggerListener.log 명령 행 아규먼트:  -Djava.util.logging.config.file=/Users/leeseonghyeon/Documents/jwp-basic/conf/logging.properties
30-Apr-2025 18:35:13.627 INFO [main] org.apache.catalina.startup.VersionLoggerListener.log 명령 행 아규먼트:  -Djava.util.logging.manager=org.apache.juli.ClassLoaderLogManager
30-Apr-2025 18:35:13.627 INFO [main] org.apache.catalina.startup.VersionLoggerListener.log 명령 행 아규먼트:  -javaagent:/Applications/IntelliJ IDEA CE.app/Contents/lib/idea_rt.jar=60941:/Applications/IntelliJ IDEA CE.app/Contents/bin
30-Apr-2025 18:35:13.627 INFO [main] org.apache.catalina.startup.VersionLoggerListener.log 명령 행 아규먼트:  -Dfile.encoding=UTF-8
30-Apr-2025 18:35:13.627 INFO [main] org.apache.catalina.startup.VersionLoggerListener.log 명령 행 아규먼트:  -Dsun.stdout.encoding=UTF-8
30-Apr-2025 18:35:13.627 INFO [main] org.apache.catalina.startup.VersionLoggerListener.log 명령 행 아규먼트:  -Dsun.stderr.encoding=UTF-8
30-Apr-2025 18:35:13.632 INFO [main] org.apache.catalina.core.AprLifecycleListener.lifecycleEvent 프로덕션 환경들에서 최적의 성능을 제공하는, APR 기반 Apache Tomcat Native 라이브러리가, 다음 java.library.path에서 발견되지 않습니다: [/Users/leeseonghyeon/Library/Java/Extensions:/Library/Java/Extensions:/Network/Library/Java/Extensions:/System/Library/Java/Extensions:/usr/lib/java:.]
30-Apr-2025 18:35:13.808 INFO [main] org.apache.coyote.AbstractProtocol.init 프로토콜 핸들러 ["http-nio-8080"]을(를) 초기화합니다.
30-Apr-2025 18:35:13.818 INFO [main] org.apache.catalina.startup.Catalina.load [449] 밀리초 내에 서버가 초기화되었습니다.
30-Apr-2025 18:35:13.842 INFO [main] org.apache.catalina.core.StandardService.startInternal 서비스 [Catalina]을(를) 시작합니다.
30-Apr-2025 18:35:13.842 INFO [main] org.apache.catalina.core.StandardEngine.startInternal 서버 엔진을 시작합니다: [Apache Tomcat/9.0.104]
30-Apr-2025 18:35:13.846 INFO [main] org.apache.catalina.startup.HostConfig.deployDescriptor 배치 descriptor [/Users/leeseonghyeon/Documents/jwp-basic/conf/Catalina/localhost/ROOT.xml]을(를) 배치합니다.
30-Apr-2025 18:35:14.605 INFO [main] org.apache.jasper.servlet.TldScanner.scanJars 적어도 하나의 JAR가 TLD들을 찾기 위해 스캔되었으나 아무 것도 찾지 못했습니다. 스캔했으나 TLD가 없는 JAR들의 전체 목록을 보시려면, 로그 레벨을 디버그 레벨로 설정하십시오. 스캔 과정에서 불필요한 JAR들을 건너뛰면, 시스템 시작 시간과 JSP 컴파일 시간을 단축시킬 수 있습니다.
30-Apr-2025 18:35:15.011 INFO [main] org.springframework.jdbc.datasource.init.ScriptUtils.executeSqlScript Executing SQL script from class path resource [jwp.sql]
30-Apr-2025 18:35:15.015 INFO [main] org.springframework.jdbc.datasource.init.ScriptUtils.executeSqlScript Executed SQL script from class path resource [jwp.sql] in 3 ms.
30-Apr-2025 18:35:15.037 INFO [main] org.apache.catalina.startup.HostConfig.deployDescriptor 배치 descriptor [/Users/leeseonghyeon/Documents/jwp-basic/conf/Catalina/localhost/ROOT.xml]의 배치가 [1,192] 밀리초 내에 완료되었습니다.
30-Apr-2025 18:35:15.038 INFO [main] org.apache.coyote.AbstractProtocol.start 프로토콜 핸들러 ["http-nio-8080"]을(를) 시작합니다.
30-Apr-2025 18:35:15.043 INFO [main] org.apache.catalina.startup.Catalina.start 서버가 [1224] 밀리초 내에 시작되었습니다.
30-Apr-2025 18:35:42.733 INFO [Thread-5] org.apache.coyote.AbstractProtocol.pause 프로토콜 핸들러 ["http-nio-8080"]을(를) 일시 정지 중
30-Apr-2025 18:35:42.737 INFO [Thread-5] org.apache.catalina.core.StandardService.stopInternal 서비스 [Catalina]을(를) 중지시킵니다.
30-Apr-2025 18:35:42.745 WARNING [Thread-5] org.apache.catalina.loader.WebappClassLoaderBase.clearReferencesJdbc 웹 애플리케이션 [ROOT]이(가) JDBC 드라이버 [org.h2.Driver]을(를) 등록했지만, 웹 애플리케이션이 중지될 때, 해당 JDBC 드라이버의 등록을 제거하지 못했습니다. 메모리 누수를 방지하기 위하여, 등록을 강제로 제거했습니다.
30-Apr-2025 18:35:42.752 INFO [Thread-5] org.apache.coyote.AbstractProtocol.stop 프로토콜 핸들러 ["http-nio-8080"]을(를) 중지시킵니다.
30-Apr-2025 18:35:42.766 INFO [Thread-5] org.apache.coyote.AbstractProtocol.destroy 프로토콜 핸들러 ["http-nio-8080"]을(를) 소멸시킵니다.
30-Apr-2025 18:35:46.213 INFO [main] org.apache.catalina.startup.VersionLoggerListener.log 서버 버전 이름:    Apache Tomcat/9.0.104
30-Apr-2025 18:35:46.218 INFO [main] org.apache.catalina.startup.VersionLoggerListener.log Server 빌드 시각:  Apr 4 2025 12:32:55 UTC
30-Apr-2025 18:35:46.218 INFO [main] org.apache.catalina.startup.VersionLoggerListener.log Server 버전 번호:  9.0.104.0
30-Apr-2025 18:35:46.218 INFO [main] org.apache.catalina.startup.VersionLoggerListener.log 운영체제 이름:     Mac OS X
30-Apr-2025 18:35:46.218 INFO [main] org.apache.catalina.startup.VersionLoggerListener.log 운영체제 버전:     13.4
30-Apr-2025 18:35:46.218 INFO [main] org.apache.catalina.startup.VersionLoggerListener.log 아키텍처:          aarch64
30-Apr-2025 18:35:46.218 INFO [main] org.apache.catalina.startup.VersionLoggerListener.log 자바 홈:           /Users/leeseonghyeon/Library/Java/JavaVirtualMachines/openjdk-18.0.2.1/Contents/Home
30-Apr-2025 18:35:46.218 INFO [main] org.apache.catalina.startup.VersionLoggerListener.log JVM 버전:          18.0.2.1+1-1
30-Apr-2025 18:35:46.218 INFO [main] org.apache.catalina.startup.VersionLoggerListener.log JVM 벤더:          Oracle Corporation
30-Apr-2025 18:35:46.219 INFO [main] org.apache.catalina.startup.VersionLoggerListener.log CATALINA_BASE:     /Users/leeseonghyeon/Documents/jwp-basic
30-Apr-2025 18:35:46.219 INFO [main] org.apache.catalina.startup.VersionLoggerListener.log CATALINA_HOME:     /Users/leeseonghyeon/Downloads/apache-tomcat-9.0.104
30-Apr-2025 18:35:46.227 INFO [main] org.apache.catalina.startup.VersionLoggerListener.log 명령 행 아규먼트:  --add-opens=java.base/java.lang=ALL-UNNAMED
30-Apr-2025 18:35:46.228 INFO [main] org.apache.catalina.startup.VersionLoggerListener.log 명령 행 아규먼트:  --add-opens=java.base/java.io=ALL-UNNAMED
30-Apr-2025 18:35:46.228 INFO [main] org.apache.catalina.startup.VersionLoggerListener.log 명령 행 아규먼트:  --add-opens=java.base/java.util=ALL-UNNAMED
30-Apr-2025 18:35:46.228 INFO [main] org.apache.catalina.startup.VersionLoggerListener.log 명령 행 아규먼트:  --add-opens=java.base/java.util.concurrent=ALL-UNNAMED
30-Apr-2025 18:35:46.229 INFO [main] org.apache.catalina.startup.VersionLoggerListener.log 명령 행 아규먼트:  --add-opens=java.rmi/sun.rmi.transport=ALL-UNNAMED
30-Apr-2025 18:35:46.229 INFO [main] org.apache.catalina.startup.VersionLoggerListener.log 명령 행 아규먼트:  -Dcatalina.home=/Users/leeseonghyeon/Downloads/apache-tomcat-9.0.104
30-Apr-2025 18:35:46.229 INFO [main] org.apache.catalina.startup.VersionLoggerListener.log 명령 행 아규먼트:  -Dcatalina.base=/Users/leeseonghyeon/Documents/jwp-basic
30-Apr-2025 18:35:46.229 INFO [main] org.apache.catalina.startup.VersionLoggerListener.log 명령 행 아규먼트:  -Djava.io.tmpdir=/Users/leeseonghyeon/Documents/jwp-basic/temp
30-Apr-2025 18:35:46.229 INFO [main] org.apache.catalina.startup.VersionLoggerListener.log 명령 행 아규먼트:  -Djava.util.logging.config.file=/Users/leeseonghyeon/Documents/jwp-basic/conf/logging.properties
30-Apr-2025 18:35:46.230 INFO [main] org.apache.catalina.startup.VersionLoggerListener.log 명령 행 아규먼트:  -Djava.util.logging.manager=org.apache.juli.ClassLoaderLogManager
30-Apr-2025 18:35:46.230 INFO [main] org.apache.catalina.startup.VersionLoggerListener.log 명령 행 아규먼트:  -javaagent:/Applications/IntelliJ IDEA CE.app/Contents/lib/idea_rt.jar=60956:/Applications/IntelliJ IDEA CE.app/Contents/bin
30-Apr-2025 18:35:46.230 INFO [main] org.apache.catalina.startup.VersionLoggerListener.log 명령 행 아규먼트:  -Dfile.encoding=UTF-8
30-Apr-2025 18:35:46.230 INFO [main] org.apache.catalina.startup.VersionLoggerListener.log 명령 행 아규먼트:  -Dsun.stdout.encoding=UTF-8
30-Apr-2025 18:35:46.230 INFO [main] org.apache.catalina.startup.VersionLoggerListener.log 명령 행 아규먼트:  -Dsun.stderr.encoding=UTF-8
30-Apr-2025 18:35:46.236 INFO [main] org.apache.catalina.core.AprLifecycleListener.lifecycleEvent 프로덕션 환경들에서 최적의 성능을 제공하는, APR 기반 Apache Tomcat Native 라이브러리가, 다음 java.library.path에서 발견되지 않습니다: [/Users/leeseonghyeon/Library/Java/Extensions:/Library/Java/Extensions:/Network/Library/Java/Extensions:/System/Library/Java/Extensions:/usr/lib/java:.]
30-Apr-2025 18:35:46.484 INFO [main] org.apache.coyote.AbstractProtocol.init 프로토콜 핸들러 ["http-nio-8080"]을(를) 초기화합니다.
30-Apr-2025 18:35:46.502 INFO [main] org.apache.catalina.startup.Catalina.load [418] 밀리초 내에 서버가 초기화되었습니다.
30-Apr-2025 18:35:46.535 INFO [main] org.apache.catalina.core.StandardService.startInternal 서비스 [Catalina]을(를) 시작합니다.
30-Apr-2025 18:35:46.535 INFO [main] org.apache.catalina.core.StandardEngine.startInternal 서버 엔진을 시작합니다: [Apache Tomcat/9.0.104]
30-Apr-2025 18:35:46.543 INFO [main] org.apache.catalina.startup.HostConfig.deployDescriptor 배치 descriptor [/Users/leeseonghyeon/Documents/jwp-basic/conf/Catalina/localhost/ROOT.xml]을(를) 배치합니다.
30-Apr-2025 18:35:47.462 INFO [main] org.apache.jasper.servlet.TldScanner.scanJars 적어도 하나의 JAR가 TLD들을 찾기 위해 스캔되었으나 아무 것도 찾지 못했습니다. 스캔했으나 TLD가 없는 JAR들의 전체 목록을 보시려면, 로그 레벨을 디버그 레벨로 설정하십시오. 스캔 과정에서 불필요한 JAR들을 건너뛰면, 시스템 시작 시간과 JSP 컴파일 시간을 단축시킬 수 있습니다.
30-Apr-2025 18:35:47.933 INFO [main] org.springframework.jdbc.datasource.init.ScriptUtils.executeSqlScript Executing SQL script from class path resource [jwp.sql]
30-Apr-2025 18:35:47.937 INFO [main] org.springframework.jdbc.datasource.init.ScriptUtils.executeSqlScript Executed SQL script from class path resource [jwp.sql] in 4 ms.
30-Apr-2025 18:35:47.957 INFO [main] org.apache.catalina.startup.HostConfig.deployDescriptor 배치 descriptor [/Users/leeseonghyeon/Documents/jwp-basic/conf/Catalina/localhost/ROOT.xml]의 배치가 [1,414] 밀리초 내에 완료되었습니다.
30-Apr-2025 18:35:47.960 INFO [main] org.apache.coyote.AbstractProtocol.start 프로토콜 핸들러 ["http-nio-8080"]을(를) 시작합니다.
30-Apr-2025 18:35:47.965 INFO [main] org.apache.catalina.startup.Catalina.start 서버가 [1462] 밀리초 내에 시작되었습니다.
30-Apr-2025 18:37:56.364 INFO [Thread-5] org.apache.coyote.AbstractProtocol.pause 프로토콜 핸들러 ["http-nio-8080"]을(를) 일시 정지 중
30-Apr-2025 18:37:56.366 INFO [Thread-5] org.apache.catalina.core.StandardService.stopInternal 서비스 [Catalina]을(를) 중지시킵니다.
30-Apr-2025 18:37:56.375 WARNING [Thread-5] org.apache.catalina.loader.WebappClassLoaderBase.clearReferencesJdbc 웹 애플리케이션 [ROOT]이(가) JDBC 드라이버 [org.h2.Driver]을(를) 등록했지만, 웹 애플리케이션이 중지될 때, 해당 JDBC 드라이버의 등록을 제거하지 못했습니다. 메모리 누수를 방지하기 위하여, 등록을 강제로 제거했습니다.
30-Apr-2025 18:37:56.381 INFO [Thread-5] org.apache.coyote.AbstractProtocol.stop 프로토콜 핸들러 ["http-nio-8080"]을(를) 중지시킵니다.
30-Apr-2025 18:37:56.392 INFO [Thread-5] org.apache.coyote.AbstractProtocol.destroy 프로토콜 핸들러 ["http-nio-8080"]을(를) 소멸시킵니다.
